id,pred
K751808,1.8215150875812468e-07
K837351,0.0002918154044856783
K548114,0.00023178259981039432
K736156,3.1859936691148506e-08
K508080,3.55660707927309e-05
K823422,6.098602210422541e-06
K912220,0.005483776707239449
K917925,0.1567161578013897
K857768,4.4759206478659056e-08
K733855,1.4028380839583397e-05
K530927,4.910697270986475e-08
K689281,0.11334511687517165
K779910,4.597333940863609e-05
K696152,0.1445832512357235
K984423,1.9100153009094357e-07
K521601,7.565113803007989e-06
K805248,0.03174250985622406
K896458,6.399854603013951e-05
K802487,1.3147219657525964e-07
K619527,3.036635851685787e-07
K653124,8.05516638619792e-07
K977125,2.3218351948053152e-06
K885860,1.2173503698359127e-06
K669676,0.18415276880836487
K915073,0.00015137058091349898
K632791,2.027593682974111e-05
K815141,0.007041253250315785
K867693,5.5764965221518655e-05
K961174,3.4982087549160496e-06
K688992,2.3825592746525217e-06
K547786,0.0002370796569697559
K726310,8.616536105849082e-05
K963760,1.6781632706908132e-11
K926609,5.705308525693909e-07
K884651,1.2003892672619258e-06
K644620,0.10550783833801747
K677219,5.619687315675037e-08
K725038,2.055914364211276e-06
K884425,2.164207282932692e-06
K891429,0.000403284457337111
K838479,0.0035725101284869013
K526004,2.3993551478692098e-05
K763596,0.1364060977756977
K990929,0.1963138361828327
K954837,0.11351925353467464
K718970,2.8733944016678945e-08
K888726,2.159570654568961e-05
K994955,5.241326829170134e-08
K633153,4.4386060269084734e-07
K928121,9.749941381378448e-07
K953945,0.09301341271591186
K709629,5.285879254653992e-06
K694845,2.0961408197095464e-09
K963281,1.2579621287331976e-05
K874326,6.944063797345735e-07
K641920,5.004551556688963e-05
K890217,0.16253647054719925
K548035,3.0022168603954924e-06
K723452,1.8778034925519025e-05
K948363,2.1535605591168406e-08
K820239,1.1710302998872066e-05
K896590,0.0007707233856449602
K932037,4.794250834776904e-06
K937754,0.029406889640271664
K774408,8.645870300999377e-05
K539470,1.2274916620626755e-06
K518293,4.235019803836622e-07
K786774,1.2661890989547829e-05
K720003,0.0004821567204920575
K609473,3.8041813572435783e-06
K982436,2.2750141473508735e-09
K614020,0.00018437553689873312
K874108,0.042082855205386877
K977085,0.0014009485538937151
K947599,5.728083787515061e-05
K888551,0.15543490680152178
K700222,1.1000906393543453e-10
K674517,2.3602040948608194e-06
K951596,8.338269029460207e-06
K834937,0.1575369667829275
K855476,5.104982910253852e-09
K833208,0.15397142127156258
K763287,4.313435434334676e-06
K503978,0.0005996501700999211
K591416,6.919781817402691e-05
K558625,5.754114649244002e-06
K613758,3.661666278576013e-05
K651230,0.14138667154347898
K813321,0.1659246683540344
K604105,1.3291846899192024e-06
K877024,0.08391696758678555
K984122,6.352517136601819e-06
K889986,9.1750528318109e-05
K794185,0.0778396194602251
K557118,0.045597782852679486
K914279,1.7922909819799313e-06
K661078,0.19163693827056885
K693776,2.8161942709459708e-08
K534207,1.7626925194690556e-07
K877484,0.1353188314321041
K610918,5.434657270825483e-09
K575118,1.0469309633499505e-05
K781836,0.00382743929390609
K740446,0.00011452154213708128
K777229,1.2177815858882557e-11
K645863,0.025262287301793692
K975623,0.16685076503539084
K973462,0.004918712446846068
K754902,3.9376401218191856e-08
K602728,9.492775494081798e-07
K527217,1.0563125376368277e-09
K536045,0.16721025265932082
K648967,9.169806804629843e-07
K794589,1.3698625171557069e-05
K626635,0.19923506220322845
K920875,1.9824824849463765e-05
K987278,0.02987739207212627
K834490,5.661852011384326e-06
K798363,0.28515889005714656
K907249,6.854608713147173e-06
K686713,1.112229503413255e-05
K955872,6.177175612684493e-09
K984811,6.69853080194116e-07
K676484,5.358189338680858e-07
K876097,3.083166009600971e-07
K738209,2.4534179441616287e-06
K995912,0.00025670882033417003
K648054,3.4498681076744473e-09
K970986,1.6380197853027312e-06
K688465,1.2898684515448622e-07
K618821,5.984511874557939e-06
K517990,2.0255572177266005e-05
K650218,1.7653911820701752e-08
K573337,4.432078508281844e-05
K939159,7.315836301955868e-08
K662189,0.0008943386521800421
K608686,2.0581510823161807e-05
K524468,0.09078240864336491
K644051,0.0001908776736690197
K856737,1.7898919677783853e-05
K546575,5.934241137889331e-06
K984464,0.0009717217445853166
K776034,1.042964149043655e-06
K663765,0.0001412005334990099
K848337,4.420417846986311e-06
K921077,0.13617392053556443
K972618,5.971434693130959e-07
K594517,0.00030327318058372474
K808518,0.0005688978951678145
K544136,0.0010151485296897589
K687788,1.4222946148576553e-09
K871344,9.316577770528966e-06
K669598,0.00022853694723627994
K755360,9.937394402804785e-07
K949342,1.4660880393741537e-05
K976992,8.555040838302829e-08
K637949,1.0998945565660278e-07
K518995,1.6257696325396863e-07
K726877,2.9337921915837796e-05
K960270,0.0002674092059050452
K640917,4.562331949582585e-06
K513072,5.027766782664003e-07
K502427,0.03981890478891134
K598923,1.3249278998728185e-07
K935230,0.611113655456543
K844627,0.00011895868210389745
K722310,9.539898813515357e-11
K621204,0.11580170670485497
K519636,9.08226084102352e-06
K512650,6.226113054942106e-05
K528735,0.00037597234158637
K936595,3.25759168719628e-07
K760157,4.6566758864850246e-05
K913520,2.3970364976412385e-06
K973737,1.5381003437942125e-05
K601120,1.703081192517857e-06
K585097,0.00021878361121076156
K804102,4.386644456872091e-08
K991376,0.00012486077738320454
K656320,1.1966793591440364e-05
K626435,3.3226903773611386e-05
K662122,1.2672691393163405e-08
K647819,0.17195522550225248
K952181,3.5096347578764834e-06
K768115,4.0375730813801055e-05
K617950,4.558332675043493e-05
K967465,3.366539265553001e-06
K511776,2.914276103675206e-07
K992718,0.0002859209195146104
K982915,3.10471686120195e-09
K796444,4.241166583082642e-08
K523610,1.8464621834355056e-05
K901596,1.8915991635163663e-05
K972682,2.627792878215587e-07
K777234,6.592765713628523e-08
K813890,0.18003661620807648
K870464,4.2553245266899466e-05
K610806,1.634835432548698e-06
K819293,0.14395317150592804
K543895,7.611031695341808e-05
K898745,1.2586101142806002e-06
K864139,1.6857005644924342e-05
K599416,0.014860117527499795
K994750,1.0598116130599918e-06
K930746,7.483008696326579e-07
K710171,2.2478303836323902e-05
K845754,3.9973478466379177e-08
K967305,1.304733629638122e-08
K643845,5.2775897041647115e-06
K932627,6.896905893036092e-07
K979445,0.1457043395712972
K728236,1.1163908843618622e-06
K808239,2.503763909803638e-07
K501879,0.15758660415363313
K926895,0.001318045590525493
K542969,2.346995564388443e-10
K564321,4.0101977330050435e-06
K901910,6.371054863143401e-08
K908190,2.37860694010742e-05
K746181,1.0027335867740476e-05
K567858,3.220991073470941e-06
K656264,0.18453023903286456
K757252,1.8396898825358222e-07
K705885,4.581080561933959e-07
K876878,7.565803022873752e-08
K591956,0.00029300609955191614
K623325,2.8799212023965066e-05
K651257,6.030703997029923e-05
K725017,2.8616574059725507e-09
K759401,2.4041589177585363e-08
K605579,7.57151611106383e-06
K645478,2.4409940144505505e-06
K695855,2.000826812753803e-05
K739017,2.6205251790670447e-05
K531266,1.285514262432116e-06
K734826,8.022918770853587e-10
K818398,1.3768599679988257e-06
K539458,2.360359687160235e-05
K883015,0.00034904790320177564
K600387,1.276728106779501e-07
K931922,1.4117255946684965e-06
K860268,0.1548946346050501
K591685,0.0010885042340438812
K958581,5.755927403271243e-08
K858260,1.09810470204863e-09
K718111,7.398509421112975e-06
K943104,1.5805069161842764e-08
K704648,1.905930054728344e-08
K523722,0.0028471687397193164
K563485,1.65847074220801e-05
K843194,7.689123406862559e-07
K618673,9.97535330544963e-09
K936399,0.0006505475408658386
K645649,0.013574898200750349
K943424,1.092646919374829e-09
K955596,1.6001917637331645e-05
K585307,1.8131475788544547e-07
K869468,0.004789848249059636
K982970,6.108698582957732e-05
K586845,6.579948321869597e-05
K567108,2.1726736518189681e-07
K624848,2.7312361611238883e-06
K728058,9.01730018199487e-10
K679871,1.914653364473452e-06
K606890,0.15697545891433945
K971949,6.359531203866932e-05
K930969,1.7576930751943112e-07
K610802,0.005209832994222641
K549353,0.0015706576109128074
K546650,0.24552227243471147
K715365,7.1597825422722966e-06
K994503,0.12206727041149139
K676785,3.323594202962704e-05
K836427,1.896590775027107e-06
K621061,4.03890731678257e-06
K601568,3.916623727884143e-06
K508949,3.1361635757275485e-05
K990819,0.0002234950144868344
K688605,0.00014124076469638385
K778312,0.12052372803807258
K522355,3.515531322898369e-08
K691093,0.00015526139752945162
K897580,0.0010619663096377626
K623621,4.419725009752437e-05
K559649,3.855142524025723e-07
K920771,7.070669924596586e-06
K572234,1.5011338821313985e-06
K885891,4.8958596658503666e-06
K505001,0.17027296591758717
K822326,0.0030096610270291565
K938343,1.9006949747151226e-09
K775249,0.16030923114281892
K996316,5.553349729425339e-09
K714781,1.3127129461900034e-05
K557159,6.327127650894937e-09
K509204,0.03743307826900482
K503350,0.0006148386334162206
K767242,0.10815563724017144
K652827,0.15178752741235496
K691483,2.479973791120574e-05
K935259,1.4949449269715842e-07
K852248,3.7423651854242053e-06
K647041,0.0012380677110683173
K967634,0.0004608819631598887
K652033,0.00013823875640518965
K519147,1.18476443440386e-07
K668690,3.3190520431126057e-06
K787255,8.122039989568293e-06
K595493,0.0011962888338714838
K817499,0.1383815085312128
K813066,1.4304634338754112e-05
K553647,1.4061600202786906e-08
K569342,1.6553915334576176e-09
K622477,7.685775429235939e-07
K643255,9.779665210780878e-07
K757598,4.604005993451574e-05
K854725,9.02547146778943e-07
K989364,7.803766363198519e-06
K762052,0.0001844059651455609
K997967,1.1169294855324551e-05
K767521,8.144579777983017e-05
K556948,2.7165353020518523e-07
K568814,0.0008911524983961135
K811353,0.24266682775402068
K648248,0.0001325178029970266
K855187,7.122610816149972e-05
K784749,2.565431541599989e-07
K798139,7.2436433533002855e-06
K793954,3.482727778748085e-05
K779267,7.51964725398011e-07
K502411,0.0003696764891035855
K800259,1.0803764012416644e-07
K630264,0.002513239399066195
K827994,0.0020829601768590496
K839449,1.016830190701512e-07
K834586,3.2413632673041094e-08
K939793,1.477417237701957e-06
K871238,2.401049087980937e-06
K759608,0.17264512783885003
K868913,1.043473272729898e-06
K553379,1.0064410459192003e-05
K521464,0.0009403068228857591
K852146,5.765679395387906e-07
K770979,8.076884467918716e-07
K604238,0.062437883339464664
K923984,8.170770757624269e-07
K846214,8.83725422898607e-09
K721909,1.1039490167064513e-08
K629007,0.20466289012628794
K787575,0.00014669453718932346
K871630,3.2015173144372943e-07
K775750,0.1799121084100008
K540860,7.98289720302705e-08
K722922,2.0147176160480738e-07
K641285,6.456392974641857e-07
K962930,5.996007178509893e-07
K938744,2.5773769814462862e-05
K951154,8.378824107083346e-06
K887865,9.786357086431957e-07
K768039,1.8356163447024302e-05
K596883,3.376678084023297e-06
K596179,1.2229134726703698e-06
K832650,2.1000396050396362e-05
K524802,6.0529109585259e-06
K968321,6.568445303943009e-06
K861951,3.6545856401062334e-08
K758568,1.3970292608755692e-05
K950802,1.6496362827177782e-07
K849268,2.4546897251447316e-09
K533898,4.448699937131094e-06
K963371,0.153606045499444
K793538,1.7155530431358786e-05
K722593,1.6479728252001223e-05
K518280,0.17742033636713017
K540617,0.010287164859473705
K751757,2.3552808929161985e-05
K543278,8.529463614796987e-05
K815718,6.828187430779508e-06
K562792,0.47935347900772096
K687240,1.1885678993363398e-05
K710144,0.006779856732934713
K983300,2.82440421233332e-08
K830974,6.498194813218561e-08
K980200,0.0008267899507191032
K649119,0.0031262038559783253
K863933,0.04160532831957936
K790731,8.597991198371347e-09
K794658,8.746993760287289e-06
K662151,4.360101512880647e-05
K613717,5.61776740946982e-08
K714262,9.219495178554028e-10
K588653,0.15657249402821063
K690971,3.1170935654742496e-08
K572787,0.00022042339964723214
K598829,5.80230582039803e-07
K713837,9.452436841954477e-05
K527095,3.3500313913094714e-08
K821099,1.0951046491638409e-05
K555415,3.859755169152777e-06
K881809,0.00018203116454102564
K595326,0.18202181608057022
K770205,5.078750413840676e-07
K567039,4.123965116065161e-11
K914520,5.33643571594439e-06
K560743,1.16408555776229e-11
K788676,0.14473981711864461
K646695,2.8152142750991514e-07
K723421,0.07593377924263477
K581149,1.166918462394733e-06
K687525,0.17998188239049911
K513591,1.9724170757617682e-06
K610454,4.382243697709783e-06
K918063,0.0012761506233247928
K521029,0.007855353214614086
K579294,1.8249992224504237e-05
K572606,9.628972183505539e-05
K510023,3.711903936191811e-05
K917159,1.9803940765359582e-06
K949032,4.018590291798319e-06
K857436,2.8357346466495074e-05
K981942,0.00017832738742884247
K748643,1.1101248782455287e-07
K944091,1.2767567620869613e-08
K765339,2.7696905906414032e-05
K764171,0.00020739412818476558
K685617,9.599060719028785e-07
K561257,0.0018217849849853653
K528195,2.4033152568881633e-05
K939228,0.1143790245512724
K598565,0.13908329035252331
K660156,5.334539859305209e-08
K552858,0.12278329885530471
K619642,0.0015991496203700082
K540001,2.41695012373475e-06
K923026,0.017076956597656012
K973150,0.16754975203102826
K584919,0.0001884233555006793
K576994,5.524537633011277e-06
K656308,1.5165037039434538e-05
K745835,9.82040917930135e-07
K584342,0.00047251651885360486
K743821,9.917067875177599e-05
K592757,7.70248646258551e-06
K834275,8.611627343002511e-07
K562148,4.609474113021861e-06
K755386,2.656596370965415e-05
K592628,0.0001195373326591216
K753381,0.2042266140925884
K580586,0.26540627753293516
K519062,0.28406514572560776
K835505,5.101472755319264e-06
K529647,0.000636561191865243
K513570,3.743496154555712e-08
K805433,2.1809686152337236e-05
K922447,0.26680884553778167
K780998,0.00017805430058785715
K571083,0.0001562069667284377
K692221,1.4546881038695573e-05
K600473,0.15476751657837629
K648642,7.86380269510545e-09
K577507,5.825122956935047e-08
K909148,0.00028879417859809474
K908247,1.1195387272891821e-06
K560302,2.2736115739496655e-07
K638294,2.772061637337174e-06
K525408,2.5372374905202833e-08
K569333,6.348715348754013e-07
K591688,8.085163967703758e-10
K788691,0.00015498810256039721
K663118,1.2088589594408396e-05
K925362,0.00021005251593305728
K513720,1.0652828562706417e-06
K943792,1.152498406043377e-06
K669907,0.00011376496242627036
K785528,0.1920286901484132
K915968,8.626306750776358e-10
K774462,9.902869333326816e-05
K920721,0.20008398724079132
K958916,1.9285709142650372e-06
K876814,0.0779510615589022
K680315,0.11869299719953537
K818523,0.0052569961563497785
K684169,2.4377040759659947e-08
K752178,5.002347286761506e-05
K820484,1.2933790408878832e-06
K742310,2.268079019951982e-06
K800682,0.00020425139780854787
K599711,3.984848754016636e-06
K525832,0.00020163701383012813
K739477,3.204797328647692e-05
K904715,0.0004004291082528653
K644796,3.4856908864079746e-05
K932107,0.37166117103385926
K911392,4.8174462174938525e-06
K851544,7.2588174021984735e-06
K799660,0.132943013013482
K954796,0.022472188426151875
K844624,3.961043797174352e-05
K633358,1.2149897903873353e-05
K992171,8.532223775502644e-06
K938994,6.634377209399827e-05
K949451,0.0004323449741697404
K642423,0.11533284140646458
K853557,1.804052855677581e-06
K534393,9.509760453136096e-08
K756116,0.18580399698603153
K817893,1.0140300866878533e-06
K848552,0.197644548340559
K885199,0.0015713861115481704
K911798,4.444122406448514e-08
K703280,8.22290481065465e-07
K678385,9.762007694807835e-06
K814131,1.6582547192001585e-07
K568744,3.4567270951811224e-07
K971212,0.050689619041979314
K553223,0.18795420460402965
K704065,7.798110891515534e-06
K873557,2.9802807245141596e-06
K712991,1.0671539810966345e-05
K675657,1.2953347072285396e-05
K940687,0.0009142372017642484
K554120,6.614988723094939e-08
K633716,2.5480570993502622e-05
K518979,3.1348534531833135e-05
K796883,0.00023711652691534255
K920879,3.4446684696831653e-09
K769123,0.00010289343180041761
K581882,5.227958248212871e-08
K615912,0.0005830886041456834
K712964,0.0006700959692690521
K780646,6.367934880602277e-11
K880249,1.580443763479707e-06
K973946,6.262987532714703e-09
K903743,3.14422820488835e-06
K944460,2.2929127455863636e-05
K680671,2.4586962172293167e-08
K785735,1.0230347547258133e-06
K791216,1.2996041566051265e-09
K659950,0.1553157551074027
K901874,0.054616172491014
K961455,1.1043418310737251e-07
K798670,8.38778740170892e-06
K656186,0.0020980055074207487
K964330,0.014372194400958717
K634986,1.8262860552349597e-05
K960273,8.704030525523194e-07
K530780,3.7503805988933875e-05
K755942,6.19393844530714e-06
K769465,0.00043629804518073795
K871681,8.194261342987375e-07
K871808,0.005293413813734425
K995362,2.915187864298787e-06
K876565,3.001516301446827e-05
K769922,0.1655504681906104
K769396,4.370487904014908e-08
K500831,4.100521382620173e-07
K867875,4.991664248700545e-06
K563637,3.161593120294856e-05
K689011,6.823384018382057e-05
K798567,0.15431756129980087
K535695,2.1690829590249906e-07
K718694,0.1551424128652811
K740367,0.00029194429970334746
K902234,2.2392204567964654e-05
K973579,0.15643088571953773
K787278,2.1232243721590294e-07
K773256,1.2642364145131068e-06
K640679,9.994909020035988e-05
K943836,2.322145107136748e-05
K836910,1.226204595268063e-05
K643508,0.1685051791793108
K901081,3.075027094258985e-06
K569887,0.07596212735772133
K890255,1.605902608935139e-06
K745495,0.00019728972721961313
K690486,2.913090416709565e-07
K827671,9.412212690044725e-07
K760967,4.333408826641969e-06
K814474,3.501837352206348e-05
K920627,9.072771943063885e-10
K733821,0.0036069002855569107
K667368,3.251205089425184e-07
K761140,9.119398677969002e-06
K824914,3.643597818859234e-07
K541771,0.09179325239038467
K854319,0.10911688656139373
K734151,4.220098932664768e-07
K647080,8.246240654325447e-07
K525641,0.00018928610792150722
K563143,2.644474578974041e-06
K598644,1.1196623939613347e-05
K804583,4.495339743996737e-05
K886430,0.21780745929461717
K997155,0.0003173662141673267
K625788,0.14402341199970245
K592916,4.8909513147227695e-06
K784198,4.1640891651923087e-07
K799686,1.3278404693002814e-05
K775675,1.758289172682271e-05
K878453,0.014007517105132341
K843976,6.879896553959953e-08
K816213,1.9433635272522224e-05
K765007,2.2533754248229342e-07
K634697,1.0483851343102288e-05
K909940,5.059439345619467e-06
K685703,0.0018182960520852357
K662365,3.69761464422254e-07
K523540,0.0014578024759469544
K648784,4.231432514676268e-06
K914990,9.67207544882549e-05
K732644,2.941984817269258e-05
K998294,0.1509787895768881
K941936,1.21731250440682e-09
K674869,1.2037288327392162e-06
K952256,8.332368643867085e-06
K624702,4.174701396589626e-06
K744174,5.845717771546788e-08
K873132,5.2610096626449375e-05
K864047,0.190179
K566651,0.00022125804728036748
K737306,2.091386778836022e-05
K880959,2.1395127532650802e-06
K735931,2.9331939749141616e-08
K928319,5.694869494845989e-07
K931360,1.1932918892707676e-05
K757163,8.680897668621037e-05
K893423,6.017631366956721e-06
K761153,9.88438513262372e-06
K596068,3.1712697849252433e-07
K600750,0.18711268784701823
K678135,2.3292844383149714e-07
K754669,3.566769690996804e-06
K989362,9.116376552032301e-06
K869764,1.4407745607841207e-06
K818930,0.18084533168578149
K962418,2.146590167290924e-06
K922814,6.943312959949249e-06
K508106,4.7201072317784566e-07
K504622,0.5094219809112549
K643277,0.17658419583320617
K607861,3.366751187760383e-05
K734993,1.1217565169208684e-06
K712858,8.352088130370249e-05
K932872,1.3623860898915144e-06
K897473,2.5816259909333897e-06
K823870,6.920189257859601e-05
K858762,1.070587513254577e-05
K672507,7.744583891623187e-05
K522864,3.4167859039762006e-09
K992574,4.719052727261442e-05
K661083,0.0003703081978261471
K776220,0.2570459561519623
K875363,5.482983315323508e-08
K563177,3.2036048181471416e-05
K668161,1.3436895641898445e-05
K532379,8.868135137640038e-11
K646382,7.163518208028109e-06
K626895,5.851461747022313e-07
K811434,1.9645328632090242e-05
K808246,0.0013544110789671532
K537135,8.319724523062178e-07
K502949,2.3590064353833443e-05
K892620,0.13275479657936087
K851330,2.487992640209268e-05
K952806,3.927140465151752e-06
K669263,5.096080879418878e-05
K983307,1.7443328359922817e-06
K988928,2.0837705803089195e-05
K973480,0.00011523836668988223
K651368,5.290684469514413e-08
K840636,0.002272998801652342
K583855,1.4037664533534543e-05
K726300,0.004453997272983193
K724545,3.08690205003586e-07
K503578,1.6140759429254093e-05
K540637,1.6931587460938318e-05
K564094,0.00020945511365355924
K667878,2.9615621749172763e-08
K775177,2.7118840235289098e-08
K791557,2.9677119605941698e-05
K730613,0.0008465601818533609
K539016,0.11926509677678347
K510460,0.04637462240287661
K783745,1.4218772662070477e-06
K736518,8.237772286869586e-06
K905924,0.10529100600492954
K929657,1.1314815121411803e-05
K817130,9.684505963804212e-08
K639015,1.5570352525544876e-05
K992047,1.1821906552067958e-05
K718265,0.13109199252551795
K716445,2.620671920267341e-06
K808455,1.2222657729708431e-08
K533414,0.00010456158514483831
K929522,5.750635737458651e-07
K818783,2.3149370796963924e-06
K852270,0.0002698240135679953
K523241,4.814128869587875e-06
K820740,3.934148837121029e-06
K655603,1.3779185392428188e-05
K759657,1.8492027125666937e-06
K702169,4.460501460584964e-07
K728838,2.8732251560086296e-06
K911699,8.658048142041252e-08
K792183,1.1148412234288117e-06
K566585,0.16808283044159414
K869881,0.0003007854664896149
K951518,3.7160893998690855e-05
K851266,2.1688467575382675e-05
K756895,3.971285208674089e-06
K992955,7.427031105285095e-07
K806907,1.0369963162829663e-06
K901740,2.316552119762491e-06
K619062,4.642850557436759e-06
K667415,2.9817721441496303e-09
K652671,3.012823188993252e-07
K599211,0.00132950005631987
K744701,2.647933218075195e-06
K781267,1.9809203367025473e-05
K513346,5.99897807258094e-06
K786188,0.04289496182203293
K799596,0.15802110215306284
K861912,3.0087746144257835e-05
K645946,2.184794363667606e-05
K900163,0.0001727580376183614
K551473,2.223542307612661e-06
K816700,5.479423387438874e-05
K617021,1.7039807446599299e-06
K546693,8.569996683625504e-06
K514237,0.0002423362326761708
K817299,1.1813423788594263e-06
K964837,3.9032582246181847e-07
K964792,1.5328207041136454e-07
K952979,5.513080860566788e-07
K910241,0.5563889528084993
K750363,0.00014509989385376684
K598640,4.899654916680448e-07
K932150,3.33694904537424e-07
K770170,2.371675916458116e-06
K828892,1.0264406670876268e-07
K937890,0.01447982480379939
K911450,1.215081430449345e-07
K964409,4.5874234825081656e-05
K757959,3.584507991035934e-07
K533799,2.4015531015106714e-07
K703647,0.11328433121651411
K937588,0.15730260664701462
K855049,8.218828667395422e-08
K803111,3.06933665518045e-07
K648682,0.003071464028779417
K674012,0.08774204646968843
K775112,1.2444540898068225e-06
K694917,4.810143828176477e-06
K697339,9.052965518285419e-07
K820134,0.147477567440331
K980762,0.10431887613344193
K771421,8.649583104019985e-05
K509365,6.249815500172548e-05
K956244,3.061634797242004e-05
K536022,0.0016259684797343798
K925535,4.123774043246158e-07
K662328,1.2611730020296362e-07
K911236,1.1208035846516396e-06
K515040,5.121560113002488e-06
K528757,5.327258171263338e-08
K695548,0.0002019302782889572
K860565,0.028932413770347835
K536210,9.345343556662554e-06
K735057,1.4711599787733576e-07
K655599,0.14427344676554205
K942197,2.751302074695559e-06
K742103,2.277463379461551e-06
K768979,1.3760101720799868e-07
K661099,4.2024515283173967e-07
K869450,2.1690936067716391e-07
K876687,2.0064825569221272e-05
K612342,3.690055643754022e-05
K932902,6.739497645100345e-05
K812965,0.0001881986786228372
K974223,1.0789674579814347e-07
K926722,3.261386841982128e-07
K928632,3.36401151749669e-06
K515665,4.101330747314205e-05
K953566,8.511965531224632e-07
K731815,1.3144843518330162e-06
K830649,6.646969980947688e-07
K927405,3.100978625474454e-06
K524421,9.554370508249122e-07
K530642,3.186681952707293e-05
K582150,6.060504588754157e-07
K868263,3.6087567544018385e-06
K728098,0.0009011058736359701
K597988,1.1352759240884628e-11
K643771,2.27892899438757e-06
K743619,0.1314765381038189
K503690,0.00019223346872720867
K676706,5.2165285750234035e-06
K923282,1.7054641608148812e-05
K989868,0.1162516693919897
K533080,1.6406588519312207e-05
K502266,3.288966856910065e-07
K618619,5.068407611211292e-05
K954096,7.875551847007501e-08
K646984,0.1639955732975006
K789352,1.784393918776459e-07
K759585,3.2980145595502106e-07
K918978,2.6852758479208206e-08
K722790,4.739456676614573e-10
K767227,0.15016280298042298
K850175,0.12958967566525936
K522505,2.574479686832092e-07
K904953,0.12596089401513338
K716038,4.989817049976253e-10
K724786,0.00012510340059408918
K815295,2.6204812871515064e-07
K769062,0.00018425477832031894
K526535,0.1478127025389671
K962967,2.1615625435720175e-07
K768869,3.774476800354023e-07
K910413,7.544817569842052e-07
K745364,0.0011668461254127323
K977528,1.4320193849772522e-07
K633824,4.085543345025506e-05
K534441,3.3294044788181053e-06
K819818,6.854718399681588e-06
K925703,5.319886648749161e-07
K980869,4.291430469005714e-06
K719274,8.08180947736048e-08
K978219,1.0505219189093622e-05
K648770,2.5388356504208786e-07
K609989,0.02877085453940928
K874759,2.1957172154316128e-07
K916676,0.05105131357875466
K694226,4.1433315504320944e-08
K743551,5.615713041038361e-07
K573724,6.88930556314881e-05
K737396,0.12453742711007594
K778971,2.872992883843836e-06
K906475,0.0010780538070369512
K924417,3.5877728032995945e-05
K846562,1.812590883766461e-06
K595506,1.2268796795041227e-07
K531597,5.499915430784313e-06
K542081,4.387205302968141e-06
K705533,3.5088725188052195e-07
K834020,0.17396779230237008
K745035,0.16958176246285436
K613224,2.2107691605575384e-05
K948335,1.778682285870309e-05
K561499,0.03792009960377214
K977416,1.4842291000483954e-08
K891626,5.499991489648437e-08
K635366,4.204316400382595e-06
K915767,4.944279244169593e-06
K664787,0.005510229062441736
K788186,0.1500899463236332
K681193,7.478661964647473e-05
K864918,1.919832937289357e-06
K750554,0.0009008972589587786
K537626,8.287882526975591e-05
K721520,6.418521095893084e-06
K813526,2.671371717748114e-06
K995947,0.00029536718992085665
K975022,2.178895228155397e-09
K830692,0.10815605878770342
K787431,1.7645862153358394e-07
K969994,3.137261369670341e-08
K930412,9.074991451919778e-05
K961199,0.1343082346111536
K839559,5.725029212928803e-07
K619077,0.00021935189077164978
K685016,1.3307352345992561e-10
K854630,3.0089861917484087e-05
K847855,9.241370862565236e-05
K828409,5.980931686644908e-06
K626736,3.839092033973429e-05
K866742,0.0648929249446392
K697878,2.00030056374726e-06
K756645,0.00041204446454998076
K557121,9.204245537439419e-06
K911753,8.211321870982647e-05
K904584,3.2429971609417406e-07
K893656,0.004354818593800068
K872604,4.2840348523895936e-07
K684965,0.0711891634117961
K942847,7.863910277148533e-06
K512449,0.1095664029686451
K900514,3.7723407167941335e-05
K532683,0.006646574540734291
K626543,3.4131609107816986e-07
K503939,0.0009327267052643001
K646917,5.355106285858824e-08
K982680,7.1499951418591085e-06
K566467,0.00019027621270483358
K763292,0.0031597973195873204
K559087,7.847630081705855e-09
K513761,1.763149565841013e-05
K814285,0.16376984403312195
K980659,0.014846944802999492
K817755,7.693017433048226e-05
K634875,7.101285049763817e-09
K926513,0.0008199242159193382
K628969,2.066820010037418e-07
K693827,0.09774980987906455
K945380,1.6236849221240844e-07
K737172,2.8591073660878464e-05
K650610,3.941777076259309e-06
K740736,1.6894079146695162e-08
K908994,4.254423591996784e-07
K597065,3.945040089965914e-06
K562262,0.00039996689483057707
K814728,0.12358604664802551
K972806,1.2987924410826964e-06
K933430,0.0894341061962843
K855778,0.0002995542477970012
K508320,9.864544337306144e-07
K946689,0.1572792187203169
K891889,0.0002817193059646524
K559293,2.9598347379705953e-06
K707984,0.0006924963468755595
K566345,3.499280692903994e-06
K710404,2.4118366930400955e-05
K636743,5.650508132985124e-07
K843965,0.1321851173890233
K757164,2.1406055618506797e-05
K967604,1.5639275979883668e-06
K550108,9.410780075822913e-07
K938748,1.3926912560755226e-06
K970546,1.4746854293116484e-06
K776925,0.13362408819019794
K930956,6.043276440891532e-08
K964920,7.978705274199455e-06
K558923,0.26461609104460476
K916740,0.1548427626749873
K945462,0.0025335084301382304
K800136,0.1804437398709059
K841803,0.06868473272323602
K754248,0.1589612508547902
K667164,0.00020066014744632402
K949543,6.536479360676139e-08
K580182,0.08471922937452793
K621291,1.9050122948228818e-06
K698429,5.140077829104848e-05
K999466,0.1689406707599163
K902573,0.0009041486018188298
K937468,0.1286925348522663
K517925,3.598482631872457e-11
K912905,1.048680395899737e-08
K683234,1.7590461747374775e-08
K755983,2.640856548609007e-06
K508962,0.1235169888499379
K754793,0.0044547256258092825
K743107,4.0241718302713706e-05
K679355,1.705945058231008e-05
K925544,9.972764489993999e-07
K821009,4.1217653525382047e-07
K541933,2.722269220394082e-05
K533037,9.673559012952629e-09
K747778,1.8063723221712277e-05
K698255,2.3858316072437447e-05
K810857,0.00011561488511710195
K618408,6.161323407808533e-13
K849881,7.202002091333266e-05
K939066,0.017620691602285944
K985449,0.0004464808916626498
K509878,1.8060260834431564e-07
K825337,0.0008648677547352854
K564508,8.710037539430005e-10
K644595,4.792628298327326e-05
K681783,5.7565692459029375e-05
K956451,4.0247250560001704e-05
K649426,6.304907453046326e-06
K912742,9.063436053693295e-06
K741894,1.3787457746584538e-06
K744492,0.20095307450419664
K880758,3.5041123291011897e-06
K835312,3.0302182855775756e-06
K949559,0.0002729344140314497
K768210,4.8127586981354395e-06
K729866,8.757458902618964e-07
K973245,1.62329028559725e-06
K636236,1.0359415758188107e-08
K731537,0.00010083633604226634
K698336,5.935585323357372e-06
K939844,0.15231999463462828
K653534,2.6699384201435805e-07
K553977,0.003696836023718119
K740478,1.4534398047057948e-06
K504210,4.319725902823848e-06
K998640,1.8911446516618468e-09
K794793,1.0522490813134928e-05
K829910,6.975741894835665e-06
K784676,1.0683056253037648e-06
K781600,2.1859530224628543e-06
K899062,9.015419134880176e-07
K753481,1.05486219651425e-07
K573940,2.3414976707405003e-05
K687361,0.0006969766994006932
K993349,1.3848171923455083e-05
K744231,0.15365487862908841
K701220,0.23141836329627027
K608119,4.601956713599975e-08
K768515,7.940902395942248e-05
K802946,6.451190863253942e-07
K652432,0.18479893926769494
K607642,0.053484815139889716
K831958,8.377936512360976e-07
K537609,1.4309828566147183e-06
K993232,2.2898256115819077e-05
K565121,0.14185112289458512
K854009,8.023867460946349e-06
K879662,0.0004117399571337734
K661843,3.2313459113884164e-06
K512113,0.0003212862234879285
K962474,0.0005089306198321282
K946425,0.0001276519829860772
K866739,5.749971780710621e-05
K547474,0.15754123462462424
K697423,2.5266804591556138e-06
K703943,3.711996685281349e-08
K776204,1.4930156864025436e-08
K993593,0.0013627430245503783
K734490,1.2870000289476592e-06
K628175,1.020228862972593e-09
K956736,3.837344242056133e-06
K663624,2.1419057244347642e-05
K625803,0.8459535643200874
K902882,2.9015210342040517e-05
K807776,0.05886241131055355
K998564,4.587057570134334e-08
K523288,0.12758375798213484
K695293,3.377570786818751e-08
K965405,3.548545967737482e-08
K511185,1.6537213431001874e-05
K867046,2.151748031043097e-06
K987738,0.0003446764316414483
K552469,8.570017920574165e-06
K722289,0.00029563189127063377
K798076,6.694320144106314e-07
K999350,2.5131525631702972e-05
K589613,0.18039695699000358
K568025,3.9646629424680636e-08
K858693,7.349528744140116e-06
K641186,0.0002246294044777751
K905719,4.01094642879907e-05
K782006,0.0002299829677044181
K538396,9.1487298917491e-07
K701645,1.061316611618895e-05
K522942,0.00017996418508409986
K532978,1.0338055222473485e-06
K621014,6.691146432931419e-06
K810164,1.872701838504871e-05
K991792,4.070314513373887e-07
K782400,2.7143783467065076e-05
K569974,1.1573723857174617e-05
K945703,7.185132379981951e-07
K619324,1.0635615580486046e-06
K872867,1.5161357228207636e-05
K521431,4.0030906526453666e-07
K746916,2.163681640662253e-05
K912258,0.1670370219593048
K941103,2.1287785511531174e-06
K512043,6.311946349596838e-07
K842745,0.17656107470846175
K992345,1.7055387496118782e-05
K851600,1.0946646719425236e-09
K738724,0.00010539444745529908
K757623,2.7595725332048462e-08
K686654,9.178107272615306e-06
K583941,8.178823050093342e-08
K631378,0.18072774519240856
K821096,5.204548241167117e-09
K669212,0.00024054492545477117
K653898,0.11451122942662238
K949614,1.9465359398964213e-06
K953807,1.094775019610097e-05
K502149,0.15051356728076934
K633260,1.348922925289031e-08
K876682,7.187606355264506e-07
K551676,2.946753597152563e-07
K770221,1.1825144814110899e-06
K998827,2.787935619344353e-06
K737775,0.0008270716040907427
K628613,3.217327302270405e-07
K542700,7.559557551307989e-07
K683439,8.618720321546788e-07
K538111,7.165043997601606e-05
K951121,3.05768498710313e-06
K646382,0.001113251663837582
K663869,8.956607987434836e-06
K804090,3.3236133881018757e-07
K612835,2.933874240930834e-08
K581182,0.1588278582572937
K523299,6.69080219114403e-06
K976368,5.769352933421032e-05
K841384,1.1828552132064943e-05
K918993,2.7906655963452068e-05
K518663,0.14405836180073012
K789458,7.722047337336699e-05
K998556,4.800116399128455e-07
K514383,0.17685466616392126
K758196,0.14203094829404353
K519516,3.065123712120112e-06
K778652,0.0012727800794132054
K504782,3.015097976394463e-05
K802537,0.17318768392300607
K630360,4.688627549185184e-05
K868846,9.27577090896375e-06
K632374,2.0850980373722903e-08
K787423,1.6391542151664907e-05
K824315,7.307339053259051e-07
K605679,0.062353654746651645
K660565,0.2014363053882122
K982027,0.00012721503274096176
K975484,0.5156180622768402
K909538,1.773559953849313e-10
K745190,0.0001488241027004551
K662800,3.4623080637175006e-08
K977735,4.697589340116437e-09
K704347,1.3329539000312708e-07
K902780,1.7064807351289344e-07
K700796,0.26348007975041865
K972508,3.0456349185715227e-07
K978237,2.3958585856678384e-07
K632732,4.270058693113242e-06
K916560,1.1071407225954317e-05
K659024,2.234760361707231e-07
K701183,2.809914724699411e-06
K640174,0.13956422992372514
K866680,2.611527151431801e-06
K617759,2.0540407086373305e-05
K954006,1.1818504757329144e-08
K534233,2.6594592780747896e-07
K536249,0.16021969258666038
K853129,1.6062625632584967e-05
K624262,3.5239379267318307e-07
K778917,2.759545492892812e-07
K726704,7.680155918293167e-05
K842118,2.2907623839291775e-06
K578055,1.769945512614868e-07
K816432,1.2497863979930113e-05
K762552,0.13886322117996205
K511127,1.5288089562091045e-07
K652878,1.0791551080343197e-05
K644924,1.289967445540241e-05
K923672,0.00017606941813253798
K971829,0.17765339778989553
K763914,9.711831290629925e-05
K609112,0.00022603568155423273
K684136,4.3971279089491875e-06
K766435,0.00046444392138300465
K724210,0.16903370464581252
K718303,1.6124117712261053e-06
K825622,3.4410942869290006e-05
K917256,0.11468288852906226
K837104,2.203136590262875e-05
K962419,0.09573811613297462
K522941,2.1177036550361662e-05
K699367,2.6449898680948535e-07
K956981,8.236959380279586e-06
K673312,0.010658883010253311
K955894,4.5510468657539604e-07
K600188,3.91964010261745e-07
K727458,9.260799215044245e-06
K967704,1.6134506796674943e-07
K819010,2.0943696446187232e-07
K879432,0.10249515963435173
K704947,4.279783280762786e-06
K820381,2.313461426255526e-05
K892906,0.13358156281793115
K853073,9.169711597212881e-06
K793117,3.5803622511411958e-06
K805409,2.0340063746552916e-05
K808208,0.00024506488589546644
K514041,2.416017558625754e-06
K976314,0.25075787339758876
K561251,8.329006384073522e-09
K695220,0.016675981298923493
K944314,1.944260955415302e-07
K523610,1.5520070789989402e-06
K916078,0.1860634813927412
K729059,1.2605297230475117e-05
K919660,2.408391305274563e-06
K695150,0.16218173025226593
K998040,1.2745954577898373e-05
K548316,1.933915449977519e-08
K837343,1.3921439797166383e-05
K507705,0.00014511935596063266
K597323,0.00013539542639628052
K879848,6.446341008027957e-06
K523579,0.055925333215981726
K605517,2.3902519468174433e-06
K797517,0.1369125354474783
K801941,0.1723892176067829
K664341,4.55656068670578e-07
K664282,2.4283743476757082e-05
K706910,0.0018869046945124864
K778677,6.138249936047942e-06
K686257,1.367558231000885e-07
K589106,3.7804674034532586e-07
K947496,9.58182996247342e-06
K591508,1.7058100581434701e-06
K773574,4.650020241842867e-08
K668840,7.962233757622016e-06
K950106,0.16847965346223115
K939947,1.084416777084698e-06
K696693,9.098660582964658e-05
K899684,0.18643349326181413
K966150,6.266439591322523e-07
K594179,1.6216361718512928e-09
K508910,0.00014395287801232187
K602542,5.4131771368905904e-05
K613788,2.8318001203260223e-09
K832620,1.5507019248980214e-06
K652022,1.8400382152776727e-08
K807631,2.3149556230564483e-06
K638746,0.0014944620857527478
K777238,1.8033788682645537e-05
K636400,0.07015755507469174
K912928,2.1106186316173978e-06
K525493,0.0019401960081607103
K700461,1.467370203243263e-06
K665659,3.106723496800987e-05
K708996,3.6467385520154493e-07
K856566,1.7891201420761717e-06
K645293,0.16681335667961836
K835301,0.14027774935424328
K692172,1.21019164901065e-12
K938620,2.0055838549360485e-06
K617876,0.01064583520989865
K712538,0.0006868426225949079
K893344,1.8365115778287873e-06
K905995,6.355771488219034e-05
K837652,5.666776085090533e-06
K529469,8.635040576027677e-06
K585536,0.00010891545024031074
K740397,1.5249688965218402e-07
K563937,6.164858397634816e-06
K597062,3.928857624690864e-05
K560226,0.0020963776000142097
K735548,3.1947752100764775e-05
K754550,7.311591726318056e-08
K644082,6.153345692757284e-06
K948327,6.738256337703206e-07
K533296,5.66243601725489e-08
K746903,1.1246843184881074e-07
K988358,7.296144514056506e-05
K874599,1.4346068678241864e-06
K800110,0.11667063485825062
K758942,2.5938544753572046e-09
K655937,0.0001000806879560113
K782197,0.00032822243179532235
K735736,3.154499793658033e-05
K853875,0.12180846693027018
K534136,1.4133486842547426e-05
K609444,0.00020012556319450958
K973846,7.073968525528471e-07
K601861,9.223385211313144e-06
K532310,0.12643233500987291
K908811,7.51799342209124e-05
K854729,1.3033057958658901e-05
K795982,0.18483850381422043
K683969,2.962058402818002e-07
K658154,4.332077810799092e-06
K587937,5.592995440110822e-08
K893335,4.1468351017920213e-07
K853281,1.0007337622679188e-05
K855263,1.061153971607564e-05
K990679,2.6552860865876937e-08
K695669,6.318178499350324e-05
K724563,1.7424186101570727e-06
K588837,8.567723062915321e-06
K517192,0.17880830989223717
K525889,0.05592768353044987
K992563,0.1046277483818829
K779583,2.5501543394439065e-06
K580613,7.621018428962998e-07
K731536,0.004241393556809053
K937124,9.50473344064448e-07
K620039,0.020885225001215934
K863901,4.918726962694109e-07
K546804,4.6083055961731586e-05
K526221,0.00019114835245534776
K712610,1.5812916501367e-05
K823507,3.7281841310086748e-06
K889900,1.4910324697615577e-05
K812420,2.684874546830541e-05
K869446,4.31066514456179e-05
K842426,3.5749392441539385e-07
K655485,7.269227964174207e-06
K991794,0.1098402834057808
K892656,0.001702271965658292
K691409,8.811355339465081e-05
K948834,9.833260600015593e-08
K861849,0.027235211923152206
K661082,9.975334146861314e-08
K580155,1.4355191303329774e-05
K917748,4.5285492960887494e-05
K525799,0.006385225818626583
K917118,0.1306924079668522
K662156,6.32541079999882e-10
K549600,0.0014131665368676185
K678535,5.033036337001249e-06
K515097,0.09278333051204682
K608363,9.712103098036095e-07
K562617,8.163414278973846e-08
K650960,1.0165997128788148e-05
K824350,0.0017258186553949489
K981181,8.218176668579691e-05
K551133,6.444185262218525e-06
K778978,6.1715913247937175e-09
K828088,6.196447910057027e-06
K615290,5.40121293059201e-07
K699037,0.15378665759539603
K978912,4.626668203191003e-06
K763608,0.11444841796374322
K979632,0.1404796962609291
K744908,0.1208814858093857
K630945,9.104993796529016e-05
K993904,2.2179277409850327e-07
K700278,8.051217357224231e-06
K794268,0.001477242053312715
K604197,3.132581641347497e-05
K568890,1.8328209392166172e-07
K831463,0.0003377818858653773
K721135,1.5099602998233763e-08
K664050,3.756322584740346e-09
K527942,6.062428281734356e-07
K514756,1.276319200054786e-06
K805345,5.597175808237808e-06
K633399,1.54013011209463e-06
K899559,3.117024721541384e-06
K576207,0.06129377889186144
K741420,1.3127299374656331e-07
K796714,7.217896905094672e-07
K774254,0.1779549303254485
K992706,3.1068386760307475e-06
K989471,7.968520339045427e-07
K929261,4.747525432765542e-06
K558778,0.002171308014985174
K742691,0.0001180278367580613
K808125,1.0936943070904818e-05
K679735,6.521487733507456e-07
K883488,0.3081238485562801
K618980,1.1629009132775537e-07
K647051,0.07980906421005726
K798561,4.370148347697974e-06
K721315,2.8732632384213502e-05
K764707,1.128250215703156e-05
K591576,1.791214810353381e-08
K524839,8.356534042732731e-09
K500247,5.008394321890819e-08
K702960,3.455260659338817e-07
K544964,9.489045917409386e-06
K637485,6.111020034615643e-05
K547559,0.009568430771753192
K805738,2.8528933311912396e-07
K820138,0.021397347938820723
K657483,0.0006728919588471758
K594219,1.0831280317215706e-06
K844650,0.0022589781488366427
K699705,0.16521333425045015
K903784,1.5777771997527452e-06
K568550,0.00015255597643816144
K863095,3.126006632202916e-06
K889473,0.06048734914922714
K525953,0.0016317936509773136
K680677,0.11234335654878616
K508644,0.17625379317569723
K988457,1.0627328960736122e-06
K613136,8.168896704301005e-05
K840098,1.8594709963426792e-06
K624772,1.420242373682413e-05
K757537,4.254975021800783e-05
K902681,0.15603632413572074
K929694,2.804208923007536e-06
K972168,3.258837680950819e-07
K876738,1.1978617183922324e-06
K785889,2.770661760752773e-06
K735635,2.4278357953880912e-06
K873098,1.7345151354675182e-06
K591059,2.3625481289142043e-05
K726822,5.041554848663509e-06
K998470,0.1538558683321475
K762779,1.7265326786538935e-05
K671736,0.149751221562624
K632600,2.3614008755885153e-08
K717728,2.778033077942382e-05
K766888,1.3891048275570484e-07
K689673,1.312664956357139e-06
K596680,0.19594028365784885
K614165,7.975970917665104e-06
K585714,8.593071949853765e-07
K634262,1.3736461968051117e-07
K911521,0.12118858323287963
K518929,4.3597543038195e-06
K718817,0.0001624696302358061
K775238,4.9882562918755865e-06
K740208,0.2086470646047592
K849060,1.0166589389086766e-07
K926649,3.389502303648442e-07
K888331,4.839268498006277e-05
K702855,1.3321151210184325e-06
K943552,0.13571664639544478
K579027,5.779024545682354e-10
K995920,2.1889977711543908e-05
K650723,1.0328224488876004e-07
K821092,0.012645946323238313
K534601,9.700922516785795e-06
K629481,2.7010542638861807e-05
K659299,0.012028740707524122
K810907,5.209092786888504e-06
K684505,0.16399328306168318
K919248,0.010304670174188912
K987777,0.018742437496364117
K994886,3.6795011431195233e-07
K554074,4.3739154434297235e-06
K548223,1.652372867160011e-06
K673861,4.707019304300048e-06
K851759,2.43307945664219e-06
K634852,1.7310312774461636e-05
K701524,0.00219969996971637
K742061,0.12817883693957327
K850161,2.0809506008708922e-07
K875225,2.0043674192100298e-05
K533607,7.41534344200545e-08
K774278,1.908522665115697e-07
K798988,6.449183101153721e-08
K612478,7.580348106654128e-05
K740612,5.127746159873823e-07
K644661,1.8202876128270874e-06
K641486,1.723134497723322e-08
K741977,2.311072392053575e-06
K939461,1.6402194882357435e-07
K746812,3.183753822604274e-08
K636354,3.264377435129973e-08
K832239,6.624382940464102e-08
K775820,5.005858665036555e-09
K951210,1.6246857015357818e-06
K831902,0.00017767285058461118
K997934,0.13320825852662324
K840819,5.646730506513268e-05
K920124,4.2432588200354075e-06
K632410,0.155248
K797632,0.15070746095144746
K577007,9.673244810197502e-06
K921205,1.1727378936498666e-08
K564779,0.22681950920522212
K839234,7.741888560298094e-08
K785453,8.16226993457292e-09
K516647,0.14046318000781535
K680036,1.1807643191423268e-06
K829126,7.373038488288876e-05
K820075,0.1429226939960718
K803314,1.779233607787489e-08
K811791,0.12187931265974045
K837754,0.0012753430650215595
K740914,0.1587361284714937
K574453,0.1929704299314022
K681272,1.847473424390954e-07
K833225,0.18190839493942262
K971655,0.1210639300546646
K515709,2.3542855562686784e-07
K659847,6.652696406890755e-07
K625336,3.880588475039984e-06
K594970,3.4636633768823234e-05
K916315,0.00034268527589098087
K594557,3.149155644736311e-05
K973882,2.9754054157649534e-08
K592002,0.005076625227347016
K752499,1.5438124854867395e-08
K958647,1.7392657867865637e-05
K628218,3.248686019719571e-08
K873498,7.742861681567774e-07
K661138,2.339461069606585e-08
K685375,2.7888083735660986e-07
K629207,0.001057141494073905
K586523,1.8800315825843427e-05
K524882,0.07417054095751047
K800276,3.5735287156785495e-05
K950331,4.912412406865769e-07
K584761,0.16182067699623098
K659896,3.7537850537119086e-06
K565316,2.0773958280153693e-07
K741724,4.014191898188983e-06
K690887,1.2624268109975673e-06
K938813,0.03088663616913557
K755369,4.0279871358372933e-10
K968689,1.5563257527631435e-08
K850756,2.5020400342473295e-06
K695682,9.671080979202885e-09
K843794,8.243481286062889e-06
K677078,0.12993804256129265
K692670,2.710431885170692e-05
K642533,0.004387175541603938
K779115,2.652459695804282e-05
K545728,1.887727769870253e-05
K538637,4.832366403206834e-07
K633551,7.58927034567023e-08
K810249,0.011878734953030943
K695563,5.56732946804841e-05
K709162,5.7744654186826666e-05
K732622,6.904214882752058e-07
K502495,7.872056129213889e-06
K877405,1.3817847546411032e-06
K570807,2.1512252373071293e-08
K644840,5.570827079100127e-06
K541984,0.08344455720639221
K627537,7.211062307321825e-10
K660012,4.715190315793734e-05
K631841,1.0857331431407146e-07
K958194,0.0001000941421976313
K701637,3.785815473955154e-06
K623674,7.909601695826035e-08
K859222,4.186102210053377e-08
K891895,0.00014424561234563588
K791214,0.00011271596691885497
K854700,6.213727605754684e-06
K667624,0.003546991542372853
K856157,2.7136852435035053e-07
K500790,3.257842535313102e-06
K534506,2.5747336106083824e-05
K844039,1.643757472094876e-06
K894380,0.0002688540268888464
K705518,2.0019712767432793e-05
K564784,0.1549556370742321
K513946,2.019940469725407e-05
K804459,1.6805170044011887e-05
K667218,4.147550039906491e-06
K645652,4.387105373694794e-05
K588080,1.558505997879678e-08
K799300,7.144632260366052e-06
K941506,0.0028222651622258127
K766673,0.1506764992671609
K796571,1.3247290049359436e-05
K735172,0.13935654152691365
K848826,5.396070904916996e-07
K863494,1.4639223143749404e-05
K715573,5.7162226692639704e-08
K681717,2.390710403412231e-05
K684789,0.0002441434640642256
K856470,1.4992026950039872e-07
K958300,0.16419111920547486
K632996,8.829074888996048e-08
K831538,4.434252304963593e-07
K955080,1.629489590308708e-08
K597512,5.091085688980002e-07
K888527,4.3091127184369246e-10
K900153,8.948705649322619e-08
K727388,3.260788355729892e-05
K604056,3.799817644176073e-07
K800570,3.5012779375072566e-05
K524847,5.224921321132569e-07
K819196,2.1158051597139987e-06
K573444,9.466449599826774e-07
K779687,0.0001413749309373088
K899685,3.974912578769363e-08
K540562,7.343265969639106e-06
K638302,6.150941271793272e-06
K854218,4.007510223178542e-06
K844939,0.17148925517463684
K775219,7.011409074137915e-05
K995580,6.886414376279572e-05
K656616,6.332410670515856e-07
K515067,0.0014436145038809627
K976977,2.0663390979279936e-08
K917521,2.967068759162794e-05
K596388,6.333460050220197e-08
K653791,1.796425459842792e-06
K949608,0.0003156171812303364
K783330,0.19829151808816195
K739907,1.4958238640938361e-06
K944586,8.15607406590134e-05
K949898,9.93038646639377e-09
K596554,4.946483510546387e-06
K792637,5.347878533229959e-06
K574999,7.592681157134393e-07
K676674,0.19539355743718137
K530610,8.626753118261695e-05
K531004,3.6535039968912315e-06
K816842,0.00016575137823668774
K664617,0.00429323864133656
K666447,6.650880574454732e-08
K540838,0.05559050838840007
K583211,1.185064659539492e-09
K528646,3.442641989602178e-08
K628409,2.7913518247311004e-05
K838095,0.0002426618775478564
K726506,8.09615109271533e-09
K882026,0.0006196129526090808
K554134,0.1471815554637909
K685540,1.9386735284206224e-06
K862467,9.66836258603962e-07
K591663,7.0166457282866755e-06
K679436,0.2557032172008156
K876161,1.3439589784247792e-06
K628081,0.0006091232953891153
K630988,6.195906197227305e-05
K541117,8.232196642279632e-07
K621700,2.3999861303600485e-06
K643917,0.11832190910339356
K980530,3.114044646586988e-05
K642830,0.03338194676101208
K974228,4.8780485550378215e-05
K572593,1.916845354650286e-05
K796802,5.1479143221513366e-08
K923986,1.4057344096445376e-06
K885168,4.272405867181078e-06
K608768,0.00011982693193273736
K639398,3.2086501213707356e-05
K570580,0.19354208913195123
K924376,2.4783273225912128e-06
K749867,4.620550015752087e-05
K823366,3.900420960219344e-05
K871120,4.141550398389882e-08
K840273,1.5264230645414044e-07
K749728,0.18250127502918245
K608723,1.1088631143536531e-07
K553721,0.00022953303522150965
K518774,2.04375095966534e-05
K801738,0.14753853611558676
K837369,0.1500097241898179
K747598,1.8870678199018586e-06
K847550,9.263871526380535e-05
K532157,2.610896848057744e-05
K840633,1.333696229533234e-05
K639822,3.677713584747835e-07
K643169,1.688446097555243e-06
K888866,2.5278821789142966e-06
K596439,0.0009733379504028708
K954656,5.153418900840734e-07
K720469,2.667267789902894e-08
K810516,2.3226194197253792e-05
K688801,1.074367260064264e-07
K731117,0.11817897895336152
K708258,7.65872279460018e-06
K504535,0.00010426895707519725
K554673,0.11669977508586644
K928773,6.121378070962237e-06
K807342,0.0003028686039664317
K989180,2.412268175914889e-09
K523923,0.12324119052636617
K643238,0.1633452737942338
K550375,1.1187861922394404e-08
K915523,1.3249486023792995e-05
K949854,1.109765789122684e-05
K975769,0.00021236649669380858
K599643,6.27215492289979e-05
K637977,0.00011374224537721598
K837230,1.6279891609738115e-06
K606433,0.047451345950961114
K927419,0.0002613069670256227
K808449,0.0005217888269266113
K764149,2.640805762161108e-06
K823481,0.0008131808254094795
K562973,0.19887944678378094
K590087,6.06193152418086e-08
K888162,0.04266326092296834
K987214,2.5207477147669108e-06
K956537,0.02621752474361658
K978520,1.806289563212715e-08
K840320,0.12763373774582149
K680734,1.458129249247577e-06
K582528,0.15959517006254195
K975153,6.499028081889264e-07
K802558,0.16223147420954703
K900616,0.026123894392400978
K779392,1.5860479356987864e-08
K947277,3.734833070149762e-06
K888520,0.002379031270585954
K687794,4.028528446574455e-07
K813825,0.22595600629901888
K548779,0.19855885522675504
K613611,1.1134185677328787e-05
K554225,1.1057603030951659e-07
K872291,0.00021347663277492392
K762123,9.98537347171805e-06
K588314,1.3279896167368849e-05
K826807,0.0003564808906526305
K982731,3.2532063689577625e-05
K623037,3.4566877769830156e-05
K883413,3.0349197466217447e-05
