id,0,average cost min
K751808,1.5578624e-06,0.116924
K837351,0.002422569,0.120457
K548114,0.0015510597,0.1494349999999999
K736156,2.3192453e-07,0.137372
K508080,0.0001968195,0.180704
K823422,3.68578e-05,0.165463
K912220,0.032808892,0.167143
K917925,0.99963105,0.156774
K857768,4.107329e-07,0.108974
K733855,9.096992e-05,0.1542089999999999
K530927,2.8892913e-07,0.169962
K689281,0.8638451,0.13121
K779910,0.00038067484,0.120768
K696152,0.8444741,0.171211
K984423,1.2381552e-06,0.154263
K521601,6.8936075e-05,0.109741
K805248,0.19935131,0.159229
K896458,0.0003612553,0.1771559999999999
K802487,9.879631e-07,0.133074
K619527,2.6999999e-06,0.112468
K653124,5.585371e-06,0.1442189999999999
K977125,1.516558e-05,0.1530989999999999
K885860,7.5636253e-06,0.160948
K669676,0.99961334,0.184224
K915073,0.0008961081,0.16892
K632791,0.00011540352,0.175696
K815141,0.05711872,0.123274
K867693,0.0004660713,0.119649
K961174,2.204471e-05,0.158687
K688992,1.5659176e-05,0.152151
K547786,0.0013374081,0.177268
K726310,0.0005641642,0.152731
K963760,1.7761537e-10,0.094483
K926609,4.4619783e-06,0.127865
K884651,7.2486837e-06,0.165601
K644620,0.83398813,0.12651
K677219,2.8649072e-07,0.196156
K725038,1.4751061e-05,0.139374
K884425,1.7582459e-05,0.1230889999999999
K891429,0.002244372,0.1796869999999999
K838479,0.015354012,0.232676
K526004,0.00017038696,0.140818
K763596,0.99967825,0.13645
K990929,0.99999917,0.196314
K954837,0.79475796,0.142835
K718970,2.2127715e-07,0.129855
K888726,0.00017488668,0.123484
K994955,3.010198e-07,0.174119
K633153,2.9707755e-06,0.149409
K928121,6.527638e-06,0.149364
K953945,0.6892333,0.134952
K709629,3.1817537e-05,0.166131
K694845,1.5314718e-08,0.136871
K963281,9.226993e-05,0.136335
K874326,2.607394e-06,0.266322
K641920,0.00035846655,0.1396099999999999
K890217,0.9999291,0.162548
K548035,1.9562622e-05,0.153467
K723452,7.223877e-05,0.259944
K948363,2.1743912e-07,0.099042
K820239,0.000101287056,0.115615
K896590,0.0018735755,0.411365
K932037,2.6650125e-05,0.179896
K937754,0.17341217,0.169578
K774408,0.0005576326,0.155046
K539470,7.4496375e-06,0.164772
K518293,2.501843e-06,0.169276
K786774,8.008381e-05,0.158108
K720003,0.0032190995,0.14978
K609473,2.1286063e-05,0.178717
K982436,1.3862824e-08,0.164109
K614020,0.0011128077,0.165685
K874108,0.39358094,0.106923
K977085,0.009015345,0.155396
K947599,0.00047705806,0.120071
K888551,0.8559521,0.181593
K700222,9.475535e-10,0.116098
K674517,1.4140918e-05,0.166906
K951596,6.587507e-05,0.126577
K834937,0.999765,0.157574
K855476,6.051211e-08,0.084363
K833208,0.9846294,0.156375
K763287,2.7812108e-05,0.1550919999999999
K503978,0.0039527123,0.1517059999999999
K591416,0.00039408298,0.175592
K558625,3.1280862e-05,0.18395
K613758,0.00019580161,0.187009
K651230,0.8585227,0.164686
K813321,0.86103386,0.192704
K604105,7.239095e-06,0.183612
K877024,0.4806709,0.174583
K984122,3.7881375e-05,0.167695
K889986,0.0005025884,0.182556
K794185,0.45344436,0.171663
K557118,0.31131354,0.146469
K914279,1.3841688e-05,0.129485
K661078,0.8856336,0.216384
K693776,1.9511648e-07,0.144334
K534207,1.0801805e-06,0.163185
K877484,0.9997254,0.135356
K610918,4.1546826e-08,0.130808
K575118,4.0957337e-05,0.255615
K781836,0.024551865,0.1558919999999999
K740446,0.0007165075,0.159833
K777229,9.677837e-11,0.125832
K645863,0.173494,0.145609
K975623,0.98271215,0.169786
K973462,0.027708558,0.177516
K754902,3.313954e-07,0.11882
K602728,7.2266444e-06,0.131358
K527217,1.4253883e-08,0.074107
K536045,0.84988743,0.196744
K648967,4.9979053e-06,0.183473
K794589,6.0669223e-05,0.225792
K626635,0.95164317,0.209359
K920875,8.218191e-05,0.241231
K987278,0.041206047,0.725073
K834490,3.6599624e-05,0.154697
K798363,0.5454653,0.522781
K907249,4.548241e-05,0.150709
K686713,6.631387e-05,0.167722
K955872,4.664202e-08,0.132438
K984811,3.1533627e-06,0.212425
K676484,3.4550462e-06,0.155083
K876097,1.8373177e-06,0.1678079999999999
K738209,1.0695867e-05,0.22938
K995912,0.0013953083,0.18398
K648054,2.1013102e-08,0.164177
K970986,7.373253e-06,0.222157
K688465,1.0030237e-06,0.128598
K618821,8.755174e-05,0.068354
K517990,0.00010399205,0.19478
K650218,1.2237311e-07,0.144263
K573337,0.00033156868,0.1336699999999999
K939159,6.4008367e-07,0.114295
K662189,0.0060638473,0.147487
K608686,0.00013825342,0.148868
K524468,0.6116012,0.148434
K644051,0.0013075157,0.145985
K856737,0.00014734168,0.121479
K546575,2.6780033e-05,0.221592
K984464,0.007238528,0.134243
K776034,7.983926e-06,0.130633
K663765,0.000624759,0.226008
K848337,2.4613257e-05,0.179595
K921077,0.9998746,0.136191
K972618,3.2769929e-06,0.182223
K594517,0.0019943917,0.152063
K808518,0.001497545,0.379887
K544136,0.0064402353,0.157626
K687788,9.070814e-09,0.156799
K871344,6.1189414e-05,0.152258
K669598,0.0013129403,0.174065
K755360,5.033733e-06,0.197416
K949342,8.91575e-05,0.164438
K976992,5.676341e-07,0.150714
K637949,8.6235804e-07,0.127545
K518995,8.9658556e-07,0.181329
K726877,0.00018377896,0.159637
K960270,0.0016165568,0.1654189999999999
K640917,3.738544e-05,0.122035
K513072,2.244078e-06,0.224046
K502427,0.22849497,0.174266
K598923,8.723518e-07,0.15188
K935230,0.99728394,0.6127779999999999
K844627,0.00087051006,0.136654
K722310,7.872113e-10,0.121186
K621204,0.99942786,0.115868
K519636,6.100472e-05,0.1488779999999999
K512650,0.00037159066,0.167553
K528735,0.0027621263,0.136117
K936595,1.6591838e-06,0.1963369999999999
K760157,0.0002288394,0.2034909999999999
K913520,1.8690635e-05,0.128248
K973737,7.594357e-05,0.202532
K601120,1.2691471e-05,0.134191
K585097,0.0011006208,0.198782
K804102,2.6704356e-07,0.164267
K991376,0.0006503301,0.191996
K656320,8.2761915e-05,0.144593
K626435,0.00021551561,0.1541739999999999
K662122,8.041252e-08,0.157596
K647819,0.99834085,0.1722409999999999
K952181,2.085679e-05,0.168273
K768115,0.00036682867,0.110067
K617950,0.0003169647,0.143812
K967465,2.320471e-05,0.14508
K511776,6.1379154e-07,0.4747989999999999
K992718,0.0013487154,0.211995
K982915,2.6857412e-08,0.1156
K796444,3.0708836e-07,0.1381089999999999
K523610,9.6694675e-05,0.190958
K901596,0.00013534915,0.139757
K972682,1.515469e-06,0.173398
K777234,4.947184e-07,0.133263
K813890,0.9708147,0.185449
K870464,0.00042749895,0.09954
K610806,7.37492e-06,0.221675
K819293,0.94793344,0.15186
K543895,0.0004555458,0.167075
K898745,8.664414e-06,0.145262
K864139,0.00012886732,0.1308089999999999
K599416,0.07802184,0.190461
K994750,6.281966e-06,0.168707
K930746,4.8852357e-06,0.153176
K710171,0.00011792021,0.190623
K845754,3.856099e-07,0.1036629999999999
K967305,7.12152e-08,0.18321
K643845,3.860794e-05,0.136697
K932627,3.4106965e-06,0.202214
K979445,0.8102563,0.179825
K728236,6.178761e-06,0.1806819999999999
K808239,1.6711144e-06,0.149826
K501879,0.9998135,0.157616
K926895,0.011671247,0.112931
K542969,1.4437364e-09,0.162564
K564321,2.8828566e-05,0.139105
K901910,4.5561558e-07,0.139834
K908190,0.00014062366,0.169147
K746181,1.1320883e-05,0.885738
K567858,2.5150042e-05,0.128071
K656264,0.89190716,0.206894
K757252,1.121386e-06,0.164055
K705885,3.4230595e-06,0.13383
K876878,5.499123e-07,0.137582
K591956,0.001993388,0.146989
K623325,0.00016348512,0.1761579999999999
K651257,0.0003745872,0.160996
K725017,2.7934961e-08,0.10244
K759401,1.484177e-07,0.161986
K605579,3.4245688e-05,0.221094
K645478,2.0655407e-05,0.1181769999999999
K695855,0.00013395822,0.149362
K739017,0.00018502222,0.141633
K531266,1.0163132e-05,0.126488
K734826,6.044586e-09,0.1327289999999999
K818398,1.0695969e-05,0.128727
K539458,0.00016976974,0.139033
K883015,0.0021460985,0.162643
K600387,1.0102775e-06,0.126374
K931922,1.294318e-05,0.109071
K860268,0.9988691,0.15507
K591685,0.007231049,0.150532
K958581,4.2293763e-07,0.136094
K858260,1.1178914e-08,0.09823
K718111,4.7253383e-05,0.156571
K943104,9.337967e-08,0.169256
K704648,1.0705848e-07,0.178027
K523722,0.018484628,0.154029
K563485,9.164594e-05,0.180965
K843194,4.8867923e-06,0.1573449999999999
K618673,6.002848e-08,0.166177
K936399,0.0049757734,0.130743
K645649,0.10560918,0.128539
K943424,1.5493264e-08,0.070524
K955596,0.00011620011,0.13771
K585307,8.216147e-07,0.220681
K869468,0.0063323355,0.756411
K982970,0.0004094055,0.149209
K586845,0.00044878788,0.146616
K567108,1.5711564e-06,0.138285
K624848,1.7658816e-05,0.154667
K728058,5.670117e-09,0.159032
K679871,1.14518925e-05,0.167191
K606890,0.9938112,0.1579529999999999
K971949,0.00034966302,0.1818759999999999
K930969,1.0411023e-06,0.16883
K610802,0.037619382,0.138488
K549353,0.010927758,0.143731
K546650,0.99945563,0.245656
K715365,5.5296863e-05,0.129479
K994503,0.9962723,0.122524
K676785,0.0002228566,0.149136
K836427,1.1190977e-05,0.169475
K621061,1.9904233e-05,0.202917
K601568,3.479093e-05,0.112576
K508949,0.00020459156,0.1532889999999999
K990819,0.0013825004,0.16166
K688605,0.0007262632,0.194476
K778312,0.9980848,0.120755
K522355,2.5052066e-07,0.140329
K691093,0.00035790514,0.4338059999999999
K897580,0.00979502,0.108419
K623621,0.00026490958,0.166839
K559649,3.0329184e-06,0.12711
K920771,4.693909e-05,0.150635
K572234,6.964461e-06,0.215542
K885891,2.3345523e-05,0.209713
K505001,0.99997044,0.1702779999999999
K822326,0.021755852,0.138338
K938343,1.3777445e-08,0.137957
K775249,0.9868645,0.162443
K996316,3.9844976e-09,1.393739
K714781,7.235169e-05,0.1814349999999999
K557159,4.7597798e-08,0.132929
K509204,0.28167197,0.132896
K503350,0.0054841954,0.112111
K767242,0.70724165,0.152926
K652827,0.99980587,0.151817
K691483,0.00016487433,0.150416
K935259,8.0916305e-07,0.184752
K852248,2.4144136e-05,0.155001
K647041,0.008576905,0.144349
K967634,0.0025669583,0.1795439999999999
K652033,0.0006604814,0.2093
K519147,1.1758515e-06,0.100758
K668690,2.2951112e-05,0.144614
K787255,4.3550746e-05,0.186496
K595493,0.0057086833,0.209556
K817499,0.9916054,0.139553
K813066,9.174754e-05,0.155913
K553647,1.01288656e-07,0.138827
K569342,9.461164e-09,0.174967
K622477,7.706274e-06,0.0997339999999999
K643255,6.8889317e-06,0.141962
K757598,0.00031266382,0.147251
K854725,7.3901133e-06,0.122129
K989364,3.6301484e-05,0.214971
K762052,0.0011734018,0.157155
K997967,4.8167596e-05,0.231884
K767521,0.0005955512,0.136757
K556948,1.4914873e-06,0.182136
K568814,0.005728011,0.155578
K811353,0.9274695,0.261644
K648248,0.00081379147,0.16284
K855187,0.0006051496,0.1177
K784749,2.6361597e-06,0.0973169999999999
K798139,4.025879e-05,0.179927
K793954,0.00018770057,0.185547
K779267,6.7266433e-06,0.111789
K502411,0.002623233,0.140924
K800259,6.008868e-07,0.1797969999999999
K630264,0.016345954,0.153753
K827994,0.013403948,0.1553989999999999
K839449,4.817274e-07,0.21108
K834586,2.170488e-07,0.149338
K939793,9.470016e-06,0.15601
K871238,1.8248937e-05,0.131572
K759608,0.98432183,0.175395
K868913,1.4593215e-05,0.071504
K553379,6.330455e-05,0.158984
K521464,0.0047822343,0.196625
K852146,3.4077932e-06,0.169191
K770979,6.2231366e-06,0.129788
K604238,0.37497753,0.166511
K923984,6.567088e-06,0.12442
K846214,4.458531e-08,0.19821
K721909,8.789543e-08,0.125598
K629007,0.99977475,0.204709
K787575,0.0022694783,0.064638
K871630,2.3241505e-06,0.1377499999999999
K775750,0.9346375,0.192494
K540860,5.2931017e-07,0.150817
K722922,1.3413655e-06,0.150199
K641285,5.0828935e-06,0.127022
K962930,5.1388474e-06,0.1166799999999999
K938744,0.00020439638,0.126097
K951154,4.619206e-05,0.181391
K887865,5.4785323e-06,0.1786309999999999
K768039,0.00011993103,0.153056
K596883,2.3860077e-05,0.14152
K596179,7.710921e-06,0.1585949999999999
K832650,0.00012241703,0.1715479999999999
K524802,2.193497e-05,0.275948
K968321,4.960462e-05,0.132416
K861951,2.5122262e-07,0.145472
K758568,7.824522e-05,0.1785449999999999
K950802,8.993225e-07,0.1834309999999999
K849268,1.6942215e-08,0.144886
K533898,2.0644673e-05,0.2154889999999999
K963371,0.9998766,0.153625
K793538,0.00011101101,0.154539
K722593,0.00012010326,0.137213
K518280,0.96232677,0.1843659999999999
K540617,0.09145122,0.112488
K751757,0.00022729764,0.103621
K543278,0.0005740306,0.148589
K815718,4.3268134e-05,0.157811
K562792,0.9998863,0.479408
K687240,4.2853513e-05,0.277356
K710144,0.027660578,0.245109
K983300,1.9314939e-07,0.146229
K830974,5.462045e-07,0.11897
K980200,0.008746786,0.094525
K649119,0.02298223,0.136027
K863933,0.32972214,0.126183
K790731,4.320425e-08,0.199008
K794658,7.587871e-05,0.1152759999999999
K662151,0.00035903635,0.121439
K613717,3.348234e-07,0.167783
K714262,6.152647e-09,0.149846
K588653,0.68179935,0.229646
K690971,2.2883965e-07,0.136213
K572787,0.0013966052,0.157828
K598829,3.2216776e-06,0.1801019999999999
K713837,0.0005226152,0.180868
K527095,2.8523286e-07,0.117449
K821099,7.415088e-05,0.147686
K555415,2.5514488e-05,0.151277
K881809,0.0008488399,0.214447
K595326,0.99861646,0.182274
K770205,3.8458775e-06,0.1320569999999999
K567039,3.4643524e-10,0.1190399999999999
K914520,3.2777076e-05,0.16281
K560743,9.718774e-11,0.119777
K788676,0.9248078,0.1565079999999999
K646695,1.4372578e-06,0.195874
K723421,0.5580494,0.13607
K581149,5.5437927e-06,0.210491
K687525,0.99477625,0.180927
K513591,1.1493468e-05,0.171612
K610454,2.300934e-05,0.190455
K918063,0.0068343855,0.186725
K521029,0.064625986,0.1215509999999999
K579294,0.00013674708,0.133458
K572606,0.0003514929,0.273945
K510023,0.00018308058,0.202747
K917159,1.2948576e-05,0.152943
K949032,2.457102e-05,0.16355
K857436,0.00015711399,0.180489
K981942,0.0009486105,0.187988
K748643,6.0301085e-07,0.184097
K944091,1.2079975e-07,0.105692
K765339,0.00015362845,0.180285
K764171,0.0014502275,0.143008
K685617,6.04551e-06,0.15878
K561257,0.011054386,0.1648019999999999
K528195,0.00021525439,0.11165
K939228,0.80165845,0.142678
K598565,0.9746893,0.142695
K660156,3.250885e-07,0.164095
K552858,0.9952928,0.123364
K619642,0.0068618306,0.23305
K540001,9.120119e-06,0.265013
K923026,0.08704606,0.196183
K973150,0.89628035,0.186939
K584919,0.0014490872,0.1300289999999999
K576994,2.4511994e-05,0.225381
K656308,0.00010447262,0.145158
K745835,5.0096205e-06,0.196031
K584342,0.0035999613,0.131256
K743821,0.0005941851,0.166902
K592757,5.2437463e-05,0.146889
K834275,5.657988e-06,0.152203
K562148,2.4122637e-05,0.191085
K755386,0.00020196878,0.1315349999999999
K592628,0.00073453854,0.162738
K753381,0.9999883,0.204229
K580586,0.9989735,0.265679
K519062,0.9959859,0.2852099999999999
K835505,2.9201667e-05,0.174698
K529647,0.004492887,0.141682
K513570,2.5847697e-07,0.1448289999999999
K805433,0.00011647611,0.187246
K922447,0.99994695,0.266823
K780998,0.0009375325,0.189918
K571083,0.00085203955,0.183333
K692221,0.00012662675,0.11488
K600473,0.99712986,0.155213
K648642,5.4907538e-08,0.143219
K577507,4.2784598e-07,0.13615
K909148,0.001702284,0.169651
K908247,6.7212113e-06,0.166568
K560302,1.1067519e-06,0.205431
K638294,1.998444e-05,0.138711
K525408,1.6132388e-07,0.157276
K569333,3.5421378e-06,0.179234
K591688,2.2416882e-09,0.360673
K788691,0.0010912503,0.142028
K663118,7.834878e-05,0.1542919999999999
K925362,0.0023971756,0.087625
K513720,4.816993e-06,0.221151
K943792,1.0749614e-05,0.1072129999999999
K669907,0.0007646574,0.148779
K785528,0.99379843,0.193227
K915968,3.6889467e-09,0.233842
K774462,0.0006707534,0.147638
K920721,0.9729109,0.205655
K958916,1.0971816e-05,0.175775
K876814,0.5516589,0.1413029999999999
K680315,0.97612584,0.121596
K818523,0.032256655,0.162974
K684169,1.6893189e-07,0.1443009999999999
K752178,0.00030109048,0.166141
K820484,1.6786884e-05,0.0770469999999999
K742310,1.3072728e-05,0.1734969999999999
K800682,0.0017570013,0.1162499999999999
K599711,2.7759115e-05,0.1435509999999999
K525832,0.0009819331,0.205347
K739477,0.00025924796,0.123619
K904715,0.0008618663,0.464607
K644796,0.00018428573,0.189146
K932107,0.9959941,0.373156
K911392,3.1834046e-05,0.15133
K851544,5.521903e-05,0.131455
K799660,0.9522661,0.1396069999999999
K954796,0.04173682,0.5384260000000001
K844624,0.00024615446,0.160917
K633358,0.00011240954,0.108086
K992171,5.303339e-05,0.160884
K938994,0.00036595788,0.181288
K949451,0.002275009,0.190041
K642423,0.9999813,0.115335
K853557,1.3862401e-05,0.1301399999999999
K534393,7.1060634e-07,0.133826
K756116,0.99862945,0.186059
K817893,7.736377e-06,0.131073
K848552,0.9699584,0.203766
K885199,0.011410752,0.137711
K911798,3.8507923e-07,0.115408
K703280,5.038483e-06,0.1632019999999999
K678385,4.9957052e-05,0.195408
K814131,8.3079726e-07,0.199598
K568744,2.3320968e-06,0.148224
K971212,0.2917573,0.173739
K553223,0.99578387,0.18875
K704065,5.7765068e-05,0.134997
K873557,2.0993806e-05,0.14196
K712991,5.7320864e-05,0.1861719999999999
K675657,3.0762127e-05,0.421081
K940687,0.005423262,0.168577
K554120,7.270896e-07,0.090979
K633716,0.0001517098,0.167956
K518979,0.00019820272,0.158164
K796883,0.0014068774,0.168541
K920879,3.1989863e-08,0.10768
K769123,0.0009794617,0.105051
K581882,6.171595e-07,0.08471
K615912,0.0036361679,0.160358
K712964,0.0035121806,0.190792
K780646,5.2397187e-10,0.121532
K880249,1.1775375e-05,0.134216
K973946,3.479534e-08,0.179995
K903743,2.837828e-05,0.110797
K944460,0.00012683653,0.180777
K680671,1.5711623e-07,0.156489
K785735,8.914947e-06,0.114755
K791216,9.338853e-09,0.1391609999999999
K659950,0.9989436,0.1554799999999999
K901874,0.1905027,0.286695
K961455,5.9543845e-07,0.185467
K798670,6.0427697e-05,0.138807
K656186,0.013412642,0.15642
K964330,0.013356574,1.076039
K634986,0.0001395795,0.130842
K960273,5.0932335e-06,0.170894
K530780,0.00014709798,0.2549579999999999
K755942,5.8116482e-05,0.106578
K769465,0.002496127,0.17479
K871681,4.344553e-06,0.18861
K871808,0.019940307,0.2654629999999999
K995362,2.2097982e-05,0.131921
K876565,0.00019027648,0.157745
K769922,0.9955707,0.166287
K769396,2.2873034e-07,0.191076
K500831,2.456314e-06,0.166938
K867875,3.902024e-05,0.127925
K563637,0.0001850584,0.170843
K689011,0.0004924071,0.138572
K798567,0.99891615,0.154485
K535695,1.8742454e-06,0.115731
K718694,0.9946748,0.155973
K740367,0.0019488808,0.149801
K902234,0.0001293704,0.173086
K973579,0.9999801,0.156434
K787278,1.2185561e-06,0.174241
K773256,9.371309e-06,0.134905
K640679,0.0005182415,0.1928619999999999
K943836,0.00015478388,0.150025
K836910,7.547221e-05,0.1624709999999999
K643508,0.92855155,0.181471
K901081,2.9536044e-05,0.104111
K569887,0.58942485,0.128875
K890255,1.3306453e-05,0.120686
K745495,0.0014601724,0.1351139999999999
K690486,4.539433e-06,0.064173
K827671,5.3294675e-06,0.176607
K760967,2.25042e-05,0.1925599999999999
K814474,0.00021471283,0.163094
K920627,7.2020416e-09,0.125975
K733821,0.016591078,0.2173999999999999
K667368,1.841354e-06,0.176566
K761140,5.5321387e-05,0.164844
K824914,1.9350887e-06,0.188291
K541771,0.6718726,0.136623
K854319,0.80836904,0.134984
K734151,2.3827424e-06,0.177111
K647080,5.70603e-06,0.144518
K525641,0.0015635727,0.12106
K563143,1.5463407e-05,0.171015
K598644,0.00010241689,0.109324
K804583,0.0004233737,0.106179
K886430,0.9282662,0.234639
K997155,0.0025230246,0.125788
K625788,0.85563207,0.168324
K592916,2.7315968e-05,0.179051
K784198,2.4881922e-06,0.167354
K799686,7.0182956e-05,0.189197
K775675,0.00011387367,0.154407
K878453,0.091975,0.152297
K843976,5.336397e-07,0.128924
K816213,0.00011733303,0.165628
K765007,8.538424e-07,0.26391
K634697,7.306278e-05,0.143491
K909940,3.4254605e-05,0.147701
K685703,0.01326265,0.137099
K662365,2.1223702e-06,0.174221
K523540,0.009683757,0.1505409999999999
K648784,2.4078074e-05,0.1757379999999999
K914990,0.00037289498,0.259378
K732644,0.0002500837,0.11764
K998294,0.99873513,0.15117
K941936,9.465515e-09,0.128605
K674869,1.0215723e-05,0.117831
K952256,5.5516924e-05,0.150087
K624702,1.10711e-05,0.377081
K744174,2.7342247e-07,0.213798
K873132,0.00028822396,0.182532
K864047,1.0,0.190179
K566651,0.0013177495,0.167906
K737306,0.00013761749,0.151971
K880959,1.6011081e-05,0.133627
K735931,2.1771551e-07,0.134726
K928319,3.7603797e-06,0.151444
K931360,6.899236e-05,0.17296
K757163,0.0006022003,0.144153
K893423,7.478858e-06,0.804619
K761153,5.2258794e-05,0.189143
K596068,1.2874384e-06,0.246324
K600750,0.9765288,0.19161
K678135,1.8767298e-06,0.124114
K754669,2.9347675e-05,0.1215349999999999
K989362,6.574247e-05,0.1386679999999999
K869764,8.236669e-06,0.174922
K818930,0.9999963,0.180846
K962418,1.3572441e-05,0.158158
K922814,4.542745e-05,0.1528439999999999
K508106,3.2566613e-06,0.144937
K504622,0.8177128,0.622984
K643277,0.9790652,0.18036
K607861,0.00029396752,0.114528
K734993,8.689859e-06,0.129088
K712858,0.00058387837,0.143045
K932872,1.1433538e-05,0.1191569999999999
K897473,1.8990922e-05,0.13594
K823870,0.00034354112,0.201437
K858762,6.657924e-05,0.160799
K672507,0.0004757466,0.162788
K522864,3.9923652e-08,0.0855829999999999
K992574,0.00039452015,0.119615
K661083,0.0018964489,0.195264
K776220,0.9965687,0.257931
K875363,3.295696e-07,0.166368
K563177,0.00027735397,0.115506
K668161,5.7908917e-05,0.232035
K532379,6.227802e-11,1.423959
K646382,5.484705e-05,0.130609
K626895,3.7578022e-06,0.155715
K811434,0.00016303989,0.120494
K808246,0.008693881,0.1557889999999999
K537135,5.925392e-06,0.140408
K502949,0.00018154303,0.129942
K892620,0.98637915,0.1345879999999999
K851330,0.00012781353,0.194658
K952806,2.7583657e-05,0.142372
K669263,0.00025540424,0.19953
K983307,1.0421082e-05,0.167385
K988928,0.00014614644,0.142581
K973480,0.0007367711,0.15641
K651368,4.1755925e-07,0.1267049999999999
K840636,0.015374513,0.147842
K583855,8.842122e-05,0.1587589999999999
K726300,0.02757176,0.161542
K724545,2.0423313e-06,0.151146
K503578,0.00010186658,0.1584499999999999
K540637,0.000120357894,0.140677
K564094,0.0011102136,0.188662
K667878,1.2461236e-07,0.237662
K775177,1.6270783e-07,0.166672
K791557,0.00017016404,0.174403
K730613,0.0053128502,0.1593419999999999
K539016,0.6965646,0.171219
K510460,0.27255622,0.170147
K783745,7.2428725e-06,0.196314
K736518,7.576635e-05,0.108726
K905924,0.73643464,0.142974
K929657,7.833683e-05,0.1444379999999999
K817130,5.186785e-07,0.186715
K639015,0.00011140221,0.139767
K992047,8.475396e-05,0.139485
K718265,0.9292757,0.141069
K716445,1.2750552e-05,0.205534
K808455,6.322206e-08,0.193329
K533414,0.00058261317,0.17947
K929522,4.346795e-06,0.132296
K818783,5.772421e-06,0.401034
K852270,0.0015637439,0.17255
K523241,2.4397325e-05,0.197322
K820740,2.44862e-05,0.160668
K655603,8.514921e-05,0.161824
K759657,1.4412891e-05,0.128302
K702169,2.9898126e-06,0.14919
K728838,1.7667795e-05,0.162625
K911699,4.6564418e-07,0.185937
K792183,9.069501e-06,0.122922
K566585,0.99687344,0.16861
K869881,0.001526667,0.197021
K951518,0.00026376944,0.1408839999999999
K851266,0.00013023682,0.166531
K756895,2.4208806e-05,0.164043
K992955,3.4006864e-06,0.218398
K806907,6.1851515e-06,0.167659
K901740,1.2877103e-05,0.179897
K619062,5.169464e-05,0.089813
K667415,1.7677198e-08,0.168679
K652671,1.2545328e-06,0.240155
K599211,0.008283851,0.160493
K744701,3.081895e-05,0.085919
K781267,0.00013780028,0.143753
K513346,4.3109114e-05,0.139158
K786188,0.3616776,0.1186
K799596,0.9992355,0.158142
K861912,0.00017805402,0.168981
K645946,0.00016630847,0.13137
K900163,0.0013747397,0.125666
K551473,1.904484e-05,0.116753
K816700,0.0002809975,0.194999
K617021,9.7563225e-06,0.174654
K546693,5.5643548e-05,0.154016
K514237,0.0014759051,0.164195
K817299,7.5025396e-06,0.157459
K964837,2.3467235e-06,0.166328
K964792,1.1730023e-06,0.1306749999999999
K952979,3.2828268e-06,0.167937
K910241,0.9892889,0.5624129999999999
K750363,0.0015935587,0.091054
K598640,3.57519e-06,0.137046
K932150,1.915739e-06,0.174186
K770170,1.2201423e-05,0.194377
K828892,7.416961e-07,0.138391
K937890,0.08356461,0.173277
K911450,7.103787e-07,0.171047
K964409,0.00029071493,0.157798
K757959,1.9608906e-06,0.1828
K533799,1.8653419e-06,0.128746
K703647,0.7223154,0.156835
K937588,0.573231,0.274414
K855049,6.6473865e-07,0.1236399999999999
K803111,2.1216417e-06,0.144668
K648682,0.02476408,0.124029
K674012,0.16559602,0.5298560000000001
K775112,7.837945e-06,0.158773
K694917,1.4874909e-05,0.3233729999999999
K697339,7.1579657e-06,0.126474
K820134,0.98972255,0.149009
K980762,0.9072469,0.114984
K771421,0.000490634,0.176294
K509365,0.00046031357,0.1357729999999999
K956244,0.0002094385,0.146183
K536022,0.006679107,0.243441
K925535,3.6617362e-06,0.112618
K662328,6.7929903e-07,0.185658
K911236,7.180726e-06,0.156085
K515040,2.4482815e-05,0.20919
K528757,3.5817112e-07,0.148735
K695548,0.00094415975,0.213873
K860565,0.048507124,0.596457
K536210,6.25592e-05,0.149384
K735057,1.2810965e-06,0.114836
K655599,0.99985063,0.144295
K942197,1.8281806e-05,0.150494
K742103,1.577278e-05,0.144392
K768979,9.753957e-07,0.141072
K661099,5.2589808e-06,0.07991
K869450,1.3816939e-06,0.156988
K876687,0.00011431516,0.1755219999999999
K612342,0.0001985983,0.185805
K932902,0.00041704296,0.161602
K812965,0.001315679,0.143043
K974223,6.450184e-07,0.167277
K926722,2.2821903e-06,0.1429059999999999
K928632,2.228383e-05,0.1509619999999999
K515665,0.00019563404,0.209643
K953566,5.139548e-06,0.165617
K731815,1.034693e-05,0.127041
K830649,3.9548113e-06,0.168073
K927405,2.0449474e-05,0.151641
K524421,5.994335e-06,0.15939
K530642,0.00019476948,0.1636129999999999
K582150,4.029564e-06,0.150401
K868263,1.8939827e-05,0.190538
K728098,0.007018505,0.12839
K597988,8.724972e-11,0.1301179999999999
K643771,1.5238066e-05,0.149555
K743619,0.98550737,0.13341
K503690,0.0029255718,0.065708
K676706,5.170716e-05,0.100886
K923282,0.00010341662,0.164912
K989868,0.7012829,0.16577
K533080,0.00011897195,0.137903
K502266,2.1435292e-06,0.153437
K618619,0.00042063917,0.1204929999999999
K954096,7.2702994e-07,0.108325
K646984,0.9996195,0.164058
K789352,2.1260755e-06,0.083929
K759585,2.9664807e-06,0.111176
K918978,2.5471684e-07,0.105422
K722790,3.1550524e-09,0.150218
K767227,0.94818306,0.158369
K850175,0.88112485,0.147073
K522505,5.5014834e-07,0.467961
K904953,0.79402965,0.158635
K716038,5.879088e-09,0.084874
K724786,0.00073091494,0.17116
K815295,1.672516e-06,0.156679
K769062,0.00088425033,0.2083739999999999
K526535,0.997279,0.148216
K962967,2.3823334e-06,0.090733
K768869,2.5167205e-06,0.149976
K910413,4.378732e-06,0.172306
K745364,0.0056596585,0.206169
K977528,7.7086025e-07,0.185769
K633824,0.00019515,0.2093539999999999
K534441,2.1040885e-05,0.158235
K819818,4.4847515e-05,0.152845
K925703,3.2463076e-06,0.163875
K980869,4.379547e-05,0.0979879999999999
K719274,4.5573685e-07,0.177335
K978219,7.739849e-05,0.135729
K648770,9.101074e-07,0.27896
K609989,0.22227003,0.129441
K874759,1.2135392e-06,0.1809349999999999
K916676,0.35416147,0.144147
K694226,3.4901794e-07,0.118714
K743551,2.7783367e-06,0.202125
K573724,0.0006266366,0.109941
K737396,0.926411,0.13443
K778971,1.850404e-05,0.155263
K906475,0.005184671,0.207931
K924417,0.0002830858,0.126738
K846562,7.2106186e-06,0.251378
K595506,7.41438e-07,0.165473
K531597,3.1785723e-05,0.173031
K542081,2.9871147e-05,0.146871
K705533,1.5976726e-06,0.219624
K834020,0.9960368,0.17466
K745035,0.9999573,0.169589
K613224,0.00012832717,0.172276
K948335,9.5851734e-05,0.185566
K561499,0.23670179,0.1602019999999999
K977416,9.285892e-08,0.159837
K891626,4.1073525e-07,0.133906
K635366,2.2909933e-05,0.183515
K915767,3.239856e-05,0.152608
K664787,0.02350289,0.234449
K788186,0.99999964,0.15009
K681193,0.0004910771,0.152291
K864918,1.4986869e-05,0.128101
K750554,0.007502663,0.1200769999999999
K537626,0.00065658556,0.126227
K721520,4.203326e-05,0.152701
K813526,1.7500322e-05,0.1526469999999999
K995947,0.0014950986,0.197557
K975022,2.2423308e-08,0.097171
K830692,0.9999913,0.1081569999999999
K787431,1.1178668e-06,0.157853
K969994,2.602435e-07,0.120551
K930412,0.0005681777,0.159721
K961199,0.9998752,0.134325
K839559,3.1217953e-06,0.183389
K619077,0.0018936745,0.115834
K685016,1.991731e-09,0.066813
K854630,0.00018708412,0.160836
K847855,0.00076278514,0.121153
K828409,2.0817723e-05,0.2873
K626736,0.00021857732,0.17564
K866742,0.35380188,0.183416
K697878,1.1137593e-05,0.179599
K756645,0.0028978442,0.1421899999999999
K557121,6.689375e-05,0.137595
K911753,0.00050802575,0.161632
K904584,2.570706e-06,0.126152
K893656,0.034237072,0.127196
K872604,2.0245911e-06,0.2115999999999999
K684965,0.35937062,0.198094
K942847,5.2337444e-05,0.150254
K512449,0.4895466,0.223812
K900514,0.00019540137,0.193056
K532683,0.056511283,0.117615
K626543,2.0059717e-06,0.17015
K503939,0.0058990773,0.158114
K646917,4.1767916e-07,0.128211
K982680,5.2597472e-05,0.135938
K566467,0.0013898311,0.136906
K763292,0.019186217,0.164691
K559087,4.211955e-08,0.1863179999999999
K513761,0.000104614985,0.168537
K814285,0.96214086,0.1702139999999999
K980659,0.04697211,0.3160799999999999
K817755,0.0005889166,0.13063
K634875,4.5523684e-08,0.155991
K926513,0.004841567,0.169351
K628969,1.3430066e-06,0.153895
K693827,0.96844316,0.100935
K945380,1.0022004e-06,0.162012
K737172,0.0002126869,0.134428
K650610,4.0717052e-05,0.0968089999999999
K740736,1.07423595e-07,0.157266
K908994,3.288545e-06,0.129371
K597065,1.5430203e-05,0.25567
K562262,0.0028269808,0.141482
K814728,0.9998871,0.1236
K972806,7.2902794e-06,0.178154
K933430,0.6155516,0.145291
K855778,0.0014629101,0.204766
K508320,2.82073e-06,0.349716
K946689,0.9999505,0.157287
K891889,0.0019975842,0.14103
K559293,1.7985372e-05,0.164569
K707984,0.0035149422,0.197015
K566345,2.6600992e-05,0.131547
K710404,0.0001567991,0.153817
K636743,4.0720274e-06,0.138764
K843965,0.99506265,0.132841
K757164,4.7695565e-05,0.448806
K967604,1.0459795e-05,0.1495179999999999
K550108,4.613263e-06,0.203994
K938748,8.540398e-06,0.163071
K970546,1.0047115e-05,0.146777
K776925,0.9969343,0.134035
K930956,3.5380523e-07,0.170808
K964920,6.0604052e-05,0.131653
K558923,0.9995584,0.264733
K916740,0.99299556,0.155935
K945462,0.021792121,0.116258
K800136,0.99899095,0.180626
K841803,0.5968952,0.1150699999999999
K754248,0.99491936,0.159773
K667164,0.00090726657,0.2211699999999999
K949543,4.918159e-07,0.132905
K580182,0.49723694,0.17038
K621291,1.0612764e-05,0.179502
K698429,0.0003454748,0.148783
K999466,0.96534216,0.175006
K902573,0.009289325,0.097332
K937468,0.7173617,0.179397
K517925,2.6774424e-10,0.1344
K912905,6.458346e-08,0.162376
K683234,9.205039e-08,0.191096
K755983,1.3136825e-05,0.2010269999999999
K508962,0.9342838,0.132205
K754793,0.027982296,0.159198
K743107,0.00024965394,0.16119
K679355,0.00012199787,0.1398339999999999
K925544,7.033128e-06,0.1417969999999999
K821009,3.4807504e-06,0.118416
K541933,0.00015170663,0.179443
K533037,7.664957e-08,0.1262049999999999
K747778,0.00011389485,0.1586
K698255,0.00029291978,0.08145
K810857,0.0006000887,0.192663
K618408,4.86323e-12,0.126692
K849881,0.00035990216,0.2001099999999999
K939066,0.061523687,0.2864049999999999
K985449,0.0034316175,0.130108
K509878,1.0848632e-06,0.1664749999999999
K825337,0.003593927,0.240647
K564508,7.1272237e-09,0.122208
K644595,0.00033716712,0.142144
K681783,0.00039988672,0.143955
K956451,0.000250807,0.160471
K649426,4.887563e-05,0.128999
K912742,6.5026805e-05,0.13938
K741894,1.16989595e-05,0.1178519999999999
K744492,0.99364156,0.202239
K880758,2.6482106e-05,0.13232
K835312,2.0874879e-05,0.145161
K949559,0.0027347864,0.099801
K768210,2.9005278e-05,0.165927
K729866,4.61733e-06,0.189665
K973245,1.9004745e-05,0.085415
K636236,1.17483e-07,0.088178
K731537,0.00061277824,0.164556
K698336,4.5141307e-05,0.131489
K939844,0.9905832,0.153768
K653534,1.6935968e-06,0.157649
K553977,0.03231161,0.114412
K740478,7.0832816e-06,0.205193
K504210,3.6790552e-05,0.117414
K998640,1.6917545e-08,0.111786
K794793,8.824484e-05,0.1192419999999999
K829910,5.7502963e-05,0.121311
K784676,6.7258406e-06,0.158836
K781600,1.627749e-05,0.134293
K899062,5.3017843e-06,0.170045
K753481,6.715873e-07,0.15707
K573940,9.088712e-05,0.257627
K687361,0.0024563055,0.28375
K993349,5.4969205e-05,0.251926
K744231,0.97076046,0.158283
K701220,0.93581015,0.2472919999999999
K608119,3.8231758e-07,0.12037
K768515,0.0006740775,0.117804
K802946,3.7005839e-06,0.174329
K652432,0.9982926,0.185115
K607642,0.36927846,0.144836
K831958,5.346277e-06,0.156706
K537609,6.8874074e-06,0.2077679999999999
K993232,0.00017063165,0.1341969999999999
K565121,0.9297994,0.152561
K854009,4.2531512e-05,0.188657
K879662,0.0032368985,0.1272019999999999
K661843,1.6735701e-05,0.193081
K512113,0.0022071819,0.145564
K962474,0.003125783,0.162817
K946425,0.00093239924,0.136907
K866739,0.0003760339,0.152911
K547474,0.9999888,0.157543
K697423,1.6811138e-05,0.150298
K703943,1.3212257e-07,0.280951
K776204,8.1054495e-08,0.184199
K993593,0.007901929,0.172457
K734490,7.5761145e-06,0.169876
K628175,1.1279105e-08,0.0904529999999999
K956736,2.7092236e-05,0.14164
K663624,0.0001387766,0.154342
K625803,0.9758792,0.8668629999999999
K902882,0.00014645419,0.198118
K807776,0.2768771,0.212594
K998564,1.1882399e-07,0.386038
K523288,0.9521318,0.133998
K695293,3.0565698e-07,0.110502
K965405,2.9272636e-07,0.121224
K511185,9.466064e-05,0.1747
K867046,1.5269721e-05,0.1409159999999999
K987738,0.002133123,0.161583
K552469,8.848845e-05,0.0968489999999999
K722289,0.0017364167,0.170254
K798076,7.756944e-06,0.086301
K999350,0.0001430944,0.175629
K589613,0.99999976,0.180397
K568025,2.9814652e-07,0.1329769999999999
K858693,5.121016e-05,0.143517
K641186,0.0012519474,0.179424
K905719,0.0003339005,0.120124
K782006,0.0014450069,0.159157
K538396,6.8008667e-06,0.134523
K701645,5.3953638e-05,0.196709
K522942,0.0010878899,0.165425
K532978,7.778003e-06,0.132914
K621014,5.817781e-05,0.115012
K810164,0.00010169382,0.1841509999999999
K991792,2.7470942e-06,0.148168
K782400,0.00024165613,0.112324
K569974,0.00011798365,0.0980959999999999
K945703,3.8865865e-06,0.18487
K619324,1.366589e-05,0.077826
K872867,0.000114257185,0.132695
K521431,2.3730456e-06,0.1686899999999999
K746916,0.00017428806,0.124144
K912258,0.9992404,0.167164
K941103,1.0381703e-05,0.2050509999999999
K512043,7.638622e-06,0.082632
K842745,0.9948448,0.177476
K992345,0.000102739585,0.166006
K851600,1.0406745e-08,0.1051879999999999
K738724,0.0006120574,0.172197
K757623,1.6429156e-07,0.167968
K686654,6.83439e-05,0.134293
K583941,7.5280946e-07,0.108644
K631378,0.9575183,0.188746
K821096,4.7313215e-08,0.110002
K669212,0.0015448661,0.155706
K653898,0.99967027,0.114549
K949614,9.102428e-06,0.213848
K953807,6.800901e-05,0.160975
K502149,0.9981006,0.1508
K633260,9.989136e-08,0.135039
K876682,4.0139425e-06,0.179066
K551676,1.6874076e-06,0.1746319999999999
K770221,6.890548e-06,0.171614
K998827,2.3150997e-05,0.120424
K737775,0.0038047272,0.21738
K628613,1.7401682e-06,0.184886
K542700,6.3150505e-06,0.119707
K683439,6.1875644e-06,0.139291
K538111,0.0007180914,0.099779
K951121,2.156595e-05,0.141783
K646382,0.005090314,0.2187
K663869,4.7225545e-05,0.189656
K804090,2.286785e-06,0.14534
K612835,1.1438552e-07,0.25649
K581182,0.9996718,0.15888
K523299,4.9604856e-05,0.134882
K976368,0.0003896895,0.14805
K841384,0.000115377996,0.10252
K918993,0.00017047959,0.163695
K518663,0.9925955,0.1451329999999999
K789458,0.0005517364,0.139959
K998556,2.7717178e-06,0.173182
K514383,0.9978259,0.1772399999999999
K758196,0.94459337,0.150362
K519516,2.8554216e-05,0.107344
K778652,0.008756416,0.145354
K504782,0.00021236674,0.141976
K802537,0.9895421,0.175018
K630360,0.00023839348,0.196676
K868846,8.013002e-05,0.115759
K632374,1.7954397e-07,0.116133
K787423,0.00011713348,0.139939
K824315,4.892794e-06,0.1493489999999999
K605679,0.4170004,0.149529
K660565,0.99331975,0.202791
K982027,0.0010384307,0.122507
K975484,0.92776775,0.555762
K909538,1.4665641e-09,0.120933
K745190,0.0010587263,0.140569
K662800,2.4632243e-07,0.14056
K977735,2.8998718e-08,0.161993
K704347,1.3290067e-06,0.100297
K902780,1.0648068e-06,0.160262
K700796,0.9999434,0.263495
K972508,2.5691154e-06,0.118548
K978237,1.8620325e-06,0.128669
K632732,2.3997452e-05,0.177938
K916560,6.0749462e-05,0.182247
K659024,1.3338508e-06,0.167542
K701183,1.5702497e-05,0.178947
K640174,0.9999443,0.139572
K866680,2.002966e-05,0.130383
K617759,0.0001230908,0.166872
K954006,6.580716e-08,0.1795929999999999
K534233,2.065054e-06,0.1287839999999999
K536249,0.99781835,0.16057
K853129,0.000107806474,0.148995
K624262,2.2270563e-06,0.1582329999999999
K778917,2.07758e-06,0.132825
K726704,0.000676338,0.113555
K842118,1.5083308e-05,0.151874
K578055,1.2487269e-06,0.14174
K816432,5.1460764e-05,0.2428619999999999
K762552,0.9939248,0.1397119999999999
K511127,1.1474185e-06,0.133239
K652878,0.000117225565,0.092058
K644924,8.265843e-05,0.1560599999999999
K923672,0.0011101057,0.158606
K971829,0.9411153,0.188769
K763914,0.00051926874,0.187029
K609112,0.0007965903,0.283754
K684136,3.0088257e-05,0.146141
K766435,0.0040006884,0.116091
K724210,0.9995902,0.169103
K718303,1.3818856e-05,0.1166819999999999
K825622,0.00026944806,0.127709
K917256,0.985062,0.116422
K837104,0.00014120317,0.156026
K962419,0.7357509,0.130123
K522941,0.00012589642,0.16821
K699367,2.1170758e-06,0.124936
K956981,5.5384942e-05,0.148722
K673312,0.06306024,0.169027
K955894,2.9034718e-06,0.156745
K600188,3.2272897e-06,0.121453
K727458,6.21935e-05,0.148903
K967704,1.1215968e-06,0.143853
K819010,8.483385e-07,0.246879
K879432,0.8852579,0.11578
K704947,1.8541648e-05,0.23082
K820381,0.00016159294,0.143166
K892906,0.9107875,0.146666
K853073,4.232754e-05,0.216637
K793117,4.9821915e-06,0.7186319999999999
K805409,0.00013471668,0.150984
K808208,0.0017433779,0.140569
K514041,1.867973e-05,0.129339
K976314,0.9999397,0.250773
K561251,6.3697385e-08,0.130759
K695220,0.11292505,0.147673
K944314,1.1122329e-06,0.174807
K523610,1.2091991e-05,0.12835
K916078,0.9895257,0.188033
K729059,7.792303e-05,0.161766
K919660,1.6446604e-05,0.146437
K695150,0.9999552,0.162189
K998040,0.00011061508,0.115228
K548316,1.6949154e-07,0.114101
K837343,3.338851e-05,0.4169529999999999
K507705,0.0008986275,0.16149
K597323,0.0007155072,0.18923
K879848,3.7073718e-05,0.173879
K523579,0.29672232,0.188477
K605517,1.5777761e-05,0.151495
K797517,0.999982,0.136915
K801941,0.9852445,0.174971
K664341,3.5953735e-06,0.126734
K664282,0.00015700256,0.154671
K706910,0.012692753,0.14866
K778677,2.3543456e-05,0.26072
K686257,1.1813839e-06,0.115759
K589106,2.8578202e-06,0.132285
K947496,8.467431e-05,0.113161
K591508,1.2810421e-05,0.133158
K773574,4.1670955e-07,0.111589
K668840,5.557037e-05,0.143282
K950106,0.9992803,0.168601
K939947,1.2628293e-05,0.085872
K696693,0.00033080144,0.275049
K899684,0.97538686,0.191138
K966150,3.929566e-06,0.159469
K594179,9.322481e-09,0.173949
K508910,0.0007713194,0.186632
K602542,0.00029055614,0.186304
K613788,1.672099e-08,0.169356
K832620,9.3607505e-06,0.16566
K652022,1.1364364e-07,0.161913
K807631,1.3152709e-05,0.176006
K638746,0.009038447,0.165345
K777238,6.811552e-05,0.264753
K636400,0.3705296,0.1893439999999999
K912928,1.3937548e-05,0.1514339999999999
K525493,0.01166544,0.16632
K700461,9.0307485e-06,0.162486
K665659,0.00019951216,0.155716
K708996,2.3972775e-06,0.15212
K856566,8.877642e-06,0.201531
K645293,0.9920568,0.168149
K835301,0.94669044,0.148177
K692172,1.0149209e-11,0.11924
K938620,1.601354e-05,0.125243
K617876,0.060974456,0.174595
K712538,0.0043600197,0.157532
K893344,9.803722e-06,0.187328
K905995,0.00047053996,0.135074
K837652,2.5803816e-05,0.21961
K529469,5.889522e-05,0.146617
K585536,0.0005599334,0.194515
K740397,7.904588e-07,0.1929219999999999
K563937,3.7998856e-05,0.162238
K597062,0.00029185883,0.134615
K560226,0.023506207,0.089184
K735548,0.0001441614,0.221611
K754550,4.983466e-07,0.146717
K644082,3.913446e-05,0.157236
K948327,7.298251e-06,0.092327
K533296,2.8966386e-07,0.195483
K746903,7.5712865e-07,0.148546
K988358,0.0002863333,0.254813
K874599,8.659425e-06,0.16567
K800110,0.9787723,0.119201
K758942,5.2125205e-08,0.049762
K655937,0.0008498483,0.1177629999999999
K782197,0.0015259985,0.215087
K735736,0.00025351602,0.12443
K853875,0.99077994,0.122942
K534136,0.000110116765,0.12835
K609444,0.0017218213,0.116229
K973846,4.5885995e-06,0.154164
K601861,5.3238047e-05,0.173248
K532310,0.9956321,0.126987
K908811,0.0006376098,0.117909
K854729,7.041927e-05,0.185078
K795982,0.99011433,0.186684
K683969,2.411648e-06,0.122823
K658154,3.2073072e-05,0.135069
K587937,3.868604e-07,0.1445739999999999
K893335,2.3755385e-06,0.174564
K853281,7.015505e-05,0.142646
K855263,7.510361e-05,0.141292
K990679,2.3309977e-07,0.113912
K695669,0.00029873184,0.2115
K724563,1.0699071e-05,0.1628569999999999
K588837,4.8018355e-05,0.178426
K517192,0.9989347,0.178999
K525889,0.31423578,0.17798
K992563,0.49260464,0.212397
K779583,1.4695501e-05,0.173533
K580613,6.1717647e-06,0.123482
K731536,0.025753332,0.164693
K937124,5.977444e-06,0.1590099999999999
K620039,0.06359071,0.328432
K863901,3.2556025e-06,0.151085
K546804,0.00025612654,0.179923
K526221,0.001108055,0.172508
K712610,0.00012703383,0.124478
K823507,2.4397674e-05,0.152809
K889900,0.00010212831,0.145996
K812420,0.00014674733,0.1829589999999999
K869446,0.00027336672,0.157688
K842426,1.8803198e-06,0.190124
K655485,4.0847768e-05,0.177959
K991794,0.99991155,0.10985
K892656,0.01061962,0.160295
K691409,0.000457336,0.192667
K948834,6.0842984e-07,0.161617
K861849,0.15707125,0.173394
K661082,9.678964e-07,0.103062
K580155,0.00011119005,0.129105
K917748,0.00026402302,0.171521
K525799,0.04106281,0.155499
K917118,0.99999547,0.130693
K662156,4.210933e-09,0.150214
K549600,0.008043248,0.175696
K678535,3.7323774e-05,0.134848
K515097,0.6385639,0.1453
K608363,5.3964823e-06,0.179971
K562617,4.734857e-07,0.172411
K650960,7.530089e-05,0.135005
K824350,0.012558076,0.137427
K981181,0.00049432047,0.166252
K551133,5.0565235e-05,0.127443
K778978,5.8232448e-08,0.1059819999999999
K828088,4.3282165e-05,0.1431639999999999
K615290,4.261379e-06,0.126748
K699037,0.99973124,0.153828
K978912,2.5718715e-05,0.179895
K763608,0.50633276,0.226034
K979632,0.94666696,0.148394
K744908,0.78405374,0.1541749999999999
K630945,0.0007575185,0.120195
K993904,1.5171335e-06,0.146192
K700278,4.989754e-05,0.161355
K794268,0.007402236,0.199567
K604197,0.00020715118,0.151222
K568890,1.0441818e-06,0.175527
K831463,0.0022520444,0.149989
K721135,9.366651e-08,0.161206
K664050,2.32381e-08,0.161645
K527942,3.5493272e-06,0.170805
K514756,8.157114e-06,0.156467
K805345,3.464585e-05,0.161554
K633399,1.02132e-05,0.150798
K899559,2.3305729e-05,0.133745
K576207,0.34800306,0.17613
K741420,7.3476843e-07,0.178659
K796714,3.4278223e-06,0.2105679999999999
K774254,0.99847347,0.178227
K992706,2.436354e-05,0.12752
K989471,4.2592137e-06,0.187089
K929261,3.6802237e-05,0.129001
K558778,0.014954839,0.145191
K742691,0.00080017245,0.147503
K808125,7.995309e-05,0.136792
K679735,3.874596e-06,0.168314
K883488,0.93967414,0.327905
K618980,1.0428482e-06,0.111512
K647051,0.44217998,0.18049
K798561,3.5806213e-05,0.1220499999999999
K721315,0.00016369352,0.175527
K764707,6.85633e-05,0.164556
K591576,1.1111065e-07,0.16121
K524839,1.13825976e-07,0.073415
K500247,2.9955586e-07,0.167194
K702960,1.9905983e-06,0.1735789999999999
K544964,5.0951454e-05,0.186237
K637485,0.0005518997,0.1107269999999999
K547559,0.08014432,0.11939
K805738,8.6926246e-07,0.328197
K820138,0.16212691,0.131979
K657483,0.004428115,0.1519589999999999
K594219,7.6113674e-06,0.1423039999999999
K844650,0.012759561,0.177042
K699705,0.9507477,0.173772
K903784,1.0567548e-05,0.149304
K568550,0.00039698655,0.384285
K863095,2.0655249e-05,0.151342
K889473,0.40006977,0.151192
K525953,0.011006,0.148264
K680677,0.84054106,0.133656
K508644,0.9851644,0.1789079999999999
K988457,8.445716e-06,0.125831
K613136,0.00052191754,0.156517
K840098,1.4608032e-05,0.127291
K624772,8.16959e-05,0.173845
K757537,0.00015163359,0.280609
K902681,0.87760943,0.177797
K929694,2.0495607e-05,0.13682
K972168,2.5601075e-06,0.127293
K876738,1.585207e-05,0.075565
K785889,1.8609158e-05,0.148887
K735635,1.9401577e-05,0.125136
K873098,1.108458e-05,0.15648
K591059,0.000118949945,0.198617
K726822,3.4517958e-05,0.146056
K998470,0.76516277,0.2010759999999999
K762779,9.6098935e-05,0.179662
K671736,0.9660746,0.15501
K632600,1.79919e-07,0.131248
K717728,9.826962e-05,0.282695
K766888,7.704024e-07,0.180309
K689673,2.5711154e-06,0.510543
K596680,0.480815,0.407517
K614165,4.7148504e-05,0.1691669999999999
K585714,7.913828e-06,0.108583
K634262,8.175979e-07,0.16801
K911521,0.72322464,0.167567
K518929,3.0401054e-05,0.143408
K718817,0.0010299315,0.157748
K775238,3.708217e-05,0.134519
K740208,0.5478026,0.38088
K849060,6.1975527e-07,0.164042
K926649,3.1810482e-06,0.106553
K888331,0.00037871877,0.12778
K702855,9.195435e-06,0.144867
K943552,0.82430863,0.1646429999999999
K579027,5.8888516e-09,0.098135
K995920,0.000147619,0.148287
K650723,5.896418e-07,0.175161
K821092,0.07631602,0.165705
K534601,5.5971166e-05,0.17332
K629481,0.00021986783,0.122849
K659299,0.08170866,0.147215
K810907,3.316985e-05,0.157043
K684505,0.974451,0.168293
K919248,0.084197424,0.122387
K987777,0.062314436,0.300772
K994886,3.0083404e-06,0.12231
K554074,3.4923432e-05,0.125243
K548223,9.735188e-06,0.169732
K673861,3.406761e-05,0.138167
K851759,1.4376758e-05,0.169237
K634852,0.000102104656,0.169535
K701524,0.014514394,0.151553
K742061,0.9999753,0.128182
K850161,1.4759876e-06,0.140987
K875225,0.00012268733,0.163372
K533607,5.4965113e-07,0.13491
K774278,1.4104295e-06,0.135315
K798988,3.282027e-07,0.1965
K612478,0.00047233998,0.160485
K740612,4.968602e-06,0.103203
K644661,1.1085795e-05,0.1642
K641486,9.60338e-08,0.17943
K741977,8.19079e-06,0.282155
K939461,1.5336034e-06,0.106952
K746812,1.8529049e-07,0.171825
K636354,1.3407885e-07,0.243467
K832239,4.8144767e-07,0.137593
K775820,3.101504e-08,0.161401
K951210,8.423298e-06,0.19288
K831902,0.0010096999,0.1759659999999999
K997934,0.95513755,0.139465
K840819,0.00039020472,0.144712
K920124,3.6953494e-05,0.114827
K632410,1.0,0.155248
K797632,0.97708446,0.154242
K577007,7.462081e-05,0.129632
K921205,6.610959e-08,0.177393
K564779,0.89776176,0.25265
K839234,3.9600656e-07,0.195499
K785453,4.9344195e-08,0.165415
K516647,0.9980544,0.140737
K680036,5.6975696e-06,0.20724
K829126,0.00053306523,0.138314
K820075,0.9979032,0.143223
K803314,7.02971e-08,0.253102
K811791,0.85386133,0.142739
K837754,0.00916175,0.139203
K740914,0.99547297,0.159458
K574453,0.97805095,0.197301
K681272,1.1450879e-06,0.1613389999999999
K833225,0.98503506,0.184672
K971655,0.9999664,0.121068
K515709,1.4576988e-06,0.161507
K659847,4.3190353e-06,0.154032
K625336,1.4810841e-05,0.2620099999999999
K594970,0.00021151497,0.163755
K916315,0.0017127156,0.200083
K594557,0.00020321722,0.154965
K973882,2.2937844e-07,0.129716
K592002,0.039716676,0.127821
K752499,9.336917e-08,0.165345
K958647,0.00013545051,0.128406
K628218,2.2365245e-07,0.145256
K873498,3.9456686e-06,0.196237
K661138,1.1709776e-07,0.199787
K685375,1.6567014e-06,0.168335
K629207,0.0067131603,0.157473
K586523,7.301632e-05,0.257481
K524882,0.50811833,0.145971
K800276,0.0002224488,0.160645
K950331,2.4429046e-06,0.201089
K584761,0.99958414,0.1618879999999999
K659896,3.6256544e-05,0.103534
K565316,5.574238e-07,0.372678
K741724,8.944856e-06,0.448771
K690887,9.58286e-06,0.131738
K938813,0.17727202,0.174233
K755369,3.131915e-09,0.1286109999999999
K968689,1.1213449e-07,0.138791
K850756,1.47444225e-05,0.169694
K695682,8.334193e-08,0.116041
K843794,5.102585e-05,0.161555
K677078,0.9977888,0.130226
K692670,0.00016011058,0.169285
K642533,0.020386977,0.215195
K779115,0.00029772476,0.089091
K545728,0.0001176961,0.16039
K538637,4.2764304e-06,0.113
K633551,6.253158e-07,0.121367
K810249,0.057332292,0.207191
K695563,0.0004359899,0.127694
K709162,0.00029580787,0.19521
K732622,4.142322e-06,0.166675
K502495,4.1079027e-05,0.191632
K877405,3.6324711e-06,0.380398
K570807,1.3294843e-07,0.1618089999999999
K644840,3.762801e-05,0.14805
K541984,0.7927697,0.1052569999999999
K627537,6.477836e-09,0.111319
K660012,0.00027611997,0.170766
K631841,6.509738e-07,0.166786
K958194,0.00063523604,0.15757
K701637,2.4754732e-05,0.152933
K623674,5.890292e-07,0.1342819999999999
K859222,3.659756e-07,0.114382
K891895,0.00089642545,0.160912
K791214,0.0007608849,0.148138
K854700,3.554398e-05,0.174818
K667624,0.021950563,0.16159
K856157,1.7869769e-06,0.151859
K500790,2.0815023e-05,0.156514
K534506,0.0001720768,0.149627
K844039,9.797217e-06,0.167778
K894380,0.001930632,0.139257
K705518,0.00018855747,0.106173
K564784,0.9997396,0.154996
K513946,0.00013828863,0.146067
K804459,0.00013841555,0.1214109999999999
K667218,1.964872e-05,0.211085
K645652,0.00024340894,0.180236
K588080,9.4840594e-08,0.164329
K799300,3.606178e-05,0.198122
K941506,0.019881967,0.141951
K766673,0.9744262,0.154631
K796571,5.5846725e-05,0.237208
K735172,0.9101489,0.153114
K848826,2.9932276e-06,0.180276
K863494,0.00010654534,0.137399
K715573,5.609364e-07,0.101905
K681717,9.3722476e-05,0.255084
K684789,0.0018312042,0.133324
K856470,9.2971504e-07,0.161254
K958300,0.99999464,0.164192
K632996,5.48291e-07,0.161029
K831538,3.0432038e-06,0.14571
K955080,1.6217538e-07,0.100477
K597512,3.64026e-06,0.139855
K888527,3.0121228e-09,0.143059
K900153,5.0802487e-07,0.176147
K727388,0.00028215078,0.115569
K604056,1.9983054e-06,0.190152
K800570,0.0002069301,0.169201
K524847,3.950194e-06,0.13227
K819196,1.5059219e-05,0.1404989999999999
K573444,7.206548e-06,0.131359
K779687,0.0008392395,0.168456
K899685,2.2682678e-07,0.17524
K540562,9.160818e-06,0.8015950000000001
K638302,5.471102e-05,0.112426
K854218,2.3445878e-05,0.170926
K844939,0.99879587,0.171696
K775219,0.000408576,0.1716059999999999
K995580,0.00034201893,0.201346
K656616,5.3634044e-06,0.118067
K515067,0.007973788,0.181045
K976977,2.0582502e-07,0.100393
K917521,0.00018857329,0.157343
K596388,4.3329115e-07,0.146171
K653791,2.0325004e-05,0.0883849999999999
K949608,0.0017186734,0.18364
K783330,0.9992568,0.198439
K739907,9.8630735e-06,0.151659
K944586,0.00034440553,0.236816
K949898,8.21977e-08,0.120811
K596554,2.9737901e-05,0.166336
K792637,3.745931e-05,0.142765
K574999,3.9332776e-06,0.193037
K676674,0.99999774,0.1953939999999999
K530610,0.0005717019,0.150896
K531004,2.3315575e-05,0.156698
K816842,0.0005607343,0.295597
K664617,0.027370922,0.156854
K666447,8.086177e-07,0.08225
K540838,0.30341017,0.183219
K583211,7.0534525e-09,0.168012
K528646,2.2130922e-07,0.1555579999999999
K628409,0.00014210126,0.196434
K838095,0.0020439676,0.118721
K726506,8.443958e-08,0.095881
K882026,0.0032968833,0.187939
K554134,0.83855534,0.175518
K685540,2.44064e-05,0.079433
K862467,2.652893e-06,0.364446
K591663,5.741513e-05,0.122209
K679436,0.8912408,0.2869069999999999
K876161,7.711758e-06,0.1742739999999999
K628081,0.0048952303,0.1244319999999999
K630988,0.0003818905,0.162243
K541117,6.182138e-06,0.133161
K621700,1.6664719e-05,0.144016
K643917,0.97201884,0.121728
K980530,0.00022538756,0.1381639999999999
K642830,0.26067427,0.12806
K974228,0.0002091653,0.233215
K572593,0.00010950649,0.175044
K796802,2.754663e-07,0.18688
K923986,8.928756e-06,0.157439
K885168,3.3801214e-05,0.126398
K608768,0.00013833282,0.866222
K639398,0.00021795674,0.1472149999999999
K570580,0.9902333,0.1954509999999999
K924376,1.6253245e-05,0.152482
K749867,0.0003075753,0.150225
K823366,0.0002970007,0.131327
K871120,2.9286707e-07,0.141414
K840273,1.1073474e-06,0.137845
K749728,0.825454,0.221092
K608723,4.410296e-07,0.251426
K553721,0.0017622227,0.130252
K518774,0.00012976279,0.157499
K801738,0.9105125,0.162039
K837369,0.9989793,0.150163
K747598,1.3461364e-05,0.140184
K847550,0.0007174955,0.129114
K532157,0.00019115406,0.1365859999999999
K840633,8.113791e-05,0.164374
K639822,2.3089178e-06,0.159283
K643169,9.928824e-06,0.170055
K888866,1.9589e-05,0.129046
K596439,0.004825241,0.201718
K954656,3.1982988e-06,0.16113
K720469,1.9060899e-07,0.139934
K810516,0.00014145667,0.164193
K688801,6.2389216e-07,0.172204
K731117,0.68635285,0.172184
K708258,5.626904e-05,0.136109
K504535,0.00057816063,0.180346
K554673,0.65641695,0.177783
K928773,5.6911817e-05,0.107559
K807342,0.0014068721,0.215278
K989180,1.304768e-08,0.184881
K523923,0.5983686,0.2059619999999999
K643238,0.93450695,0.174793
K550375,6.414764e-08,0.174408
K915523,0.000103952596,0.127457
K949854,5.2675172e-05,0.2106809999999999
K975769,0.0017916083,0.118534
K599643,0.00037920213,0.165404
K637977,0.0004308451,0.2639979999999999
K837230,1.1788139e-05,0.138104
K606433,0.3290525,0.144206
K927419,0.0018166881,0.143837
K808449,0.004514252,0.115587
K764149,1.4707585e-05,0.179554
K823481,0.0050980886,0.159507
K562973,0.99942434,0.1989939999999999
K590087,3.3725738e-07,0.1797419999999999
K888162,0.45271343,0.0942389999999999
K987214,1.6137226e-05,0.1562069999999999
K956537,0.14572254,0.179914
K978520,1.5862874e-07,0.113869
K840320,0.67739314,0.188419
K680734,9.638421e-06,0.151283
K582528,0.9964982,0.160156
K975153,4.832458e-06,0.134487
K802558,0.9654739,0.168033
K900616,0.1455354,0.179502
K779392,9.531882e-08,0.166394
K947277,1.8589028e-05,0.200916
K888520,0.01631664,0.145804
K687794,3.4656691e-06,0.116241
K813825,0.38595533,0.585446
K548779,0.99752253,0.1990519999999999
K613611,7.7573386e-05,0.143531
K554225,9.2577176e-07,0.1194419999999999
K872291,0.0014292471,0.149363
K762123,7.826448e-05,0.127585
K588314,0.00010854732,0.1223419999999999
K826807,0.0021802846,0.163502
K982731,0.00025518346,0.127485
K623037,0.00016793897,0.2058299999999999
K883413,0.00027552358,0.110151
