id,0,,average cost min
K751808,2.7329934e-08,,0.116924
K837351,0.000614176,,0.120457
K548114,3.052644e-05,,0.14943499999999998
K736156,4.523927e-06,,0.137372
K508080,0.00041619,,0.180704
K823422,1.1136998e-06,,0.165463
K912220,0.072725646,,0.167143
K917925,0.99668735,,0.156774
K857768,4.696657e-07,,0.108974
K733855,1.6585649e-05,,0.15420899999999998
K530927,1.5444292e-07,,0.169962
K689281,0.99683607,,0.13121
K779910,9.317147e-06,,0.120768
K696152,0.26401892,,0.171211
K984423,4.8497386e-06,,0.154263
K521601,2.0859636e-05,,0.109741
K805248,0.4144732,,0.159229
K896458,6.383364e-05,,0.17715599999999998
K802487,5.2113164e-06,,0.133074
K619527,2.91438e-06,,0.112468
K653124,6.398564e-05,,0.14421899999999999
K977125,4.8229096e-05,,0.15309899999999999
K885860,7.871443e-07,,0.160948
K669676,0.9996313,,0.18422400000000003
K915073,0.000122763,,0.16892
K632791,0.000128346,,0.175696
K815141,0.001865282,,0.12327400000000001
K867693,0.001692905,,0.119649
K961174,4.950727e-05,,0.15868700000000002
K688992,6.11044e-05,,0.152151
K547786,0.03442271,,0.177268
K726310,0.001870605,,0.152731
K963760,1.5222247e-09,,0.094483
K926609,7.541605e-08,,0.127865
K884651,3.3181903e-05,,0.165601
K644620,0.8601047,,0.12651
K677219,6.029085e-07,,0.196156
K725038,4.8608337e-07,,0.139374
K884425,1.0746263e-05,,0.12308899999999999
K891429,0.000249526,,0.17968699999999999
K838479,0.000101885,,0.23267600000000002
K526004,1.37698935e-05,,0.140818
K763596,0.9876546,,0.13645
K990929,0.9999999,,0.196314
K954837,0.9160399,,0.14283500000000002
K718970,1.9244055e-06,,0.129855
K888726,2.9820512e-05,,0.123484
K994955,2.508884e-06,,0.174119
K633153,2.6411446e-06,,0.14940900000000001
K928121,3.5555135e-05,,0.149364
K953945,0.49523667,,0.13495200000000002
K709629,2.5506301e-06,,0.166131
K694845,7.7881207e-10,,0.136871
K963281,0.001590566,,0.136335
K874326,1.9868241e-06,,0.266322
K641920,5.6421643e-05,,0.13960999999999998
K890217,0.99981946,,0.162548
K548035,1.0251638e-05,,0.15346700000000002
K723452,0.000112797,,0.259944
K948363,2.322556e-08,,0.099042
K820239,0.00012156,,0.11561500000000001
K896590,0.18002468,,0.411365
K932037,9.597783e-07,,0.179896
K937754,0.000622548,,0.169578
K774408,1.2720589e-05,,0.155046
K539470,1.1585174e-06,,0.164772
K518293,8.436837e-06,,0.169276
K786774,3.980769e-05,,0.158108
K720003,0.001067355,,0.14978
K609473,3.2240998e-05,,0.17871700000000001
K982436,4.444793e-07,,0.164109
K614020,0.000544906,,0.16568500000000003
K874108,0.26353633,,0.10692300000000002
K977085,0.001734887,,0.155396
K947599,8.377834e-06,,0.120071
K888551,0.89650023,,0.181593
K700222,3.9471004e-09,,0.116098
K674517,1.1823199e-05,,0.166906
K951596,0.000231888,,0.12657700000000002
K834937,0.9999995,,0.15757400000000002
K855476,6.336307e-08,,0.084363
K833208,0.99996793,,0.156375
K763287,3.6756217e-05,,0.15509199999999998
K503978,0.014135638,,0.15170599999999998
K591416,3.9014027e-05,,0.175592
K558625,1.8682884e-05,,0.18395
K613758,4.646775e-05,,0.187009
K651230,0.999308,,0.164686
K813321,0.53635633,,0.192704
K604105,0.000132775,,0.183612
K877024,0.93968695,,0.174583
K984122,2.6303578e-05,,0.167695
K889986,0.001107263,,0.182556
K794185,0.7570347,,0.171663
K557118,0.170692,,0.14646900000000002
K914279,2.5432994e-06,,0.12948500000000002
K661078,0.86364675,,0.216384
K693776,1.0466043e-06,,0.14433400000000002
K534207,4.6600184e-07,,0.163185
K877484,0.9999869,,0.135356
K610918,1.9279065e-08,,0.130808
K575118,0.000149624,,0.25561500000000004
K781836,0.003971451,,0.15589199999999998
K740446,0.0001091,,0.159833
K777229,5.1909614e-12,,0.125832
K645863,0.000393579,,0.14560900000000002
K975623,0.9995764,,0.169786
K973462,0.004525628,,0.177516
K754902,9.892456e-08,,0.11882
K602728,1.8916836e-06,,0.131358
K527217,6.80646e-10,,0.074107
K536045,0.84050506,,0.196744
K648967,2.3006492e-06,,0.183473
K794589,8.7911816e-05,,0.225792
K626635,0.9728621,,0.209359
K920875,1.8824168e-05,,0.241231
K987278,0.074285194,,0.725073
K834490,4.0930277e-05,,0.154697
K798363,0.019601684,,0.522781
K907249,1.2084473e-06,,0.150709
K686713,7.813159e-05,,0.167722
K955872,1.4732464e-07,,0.132438
K984811,9.247678e-08,,0.212425
K676484,3.4481167e-07,,0.155083
K876097,5.871285e-07,,0.16780799999999998
K738209,8.090279e-06,,0.22938
K995912,0.000553771,,0.18398
K648054,4.43347e-09,,0.164177
K970986,3.637474e-05,,0.222157
K688465,4.5873378e-08,,0.128598
K618821,5.559592e-05,,0.068354
K517990,2.154453e-05,,0.19478
K650218,9.371994e-08,,0.144263
K573337,0.000252025,,0.13366999999999998
K939159,1.704474e-06,,0.11429500000000001
K662189,0.00531186,,0.147487
K608686,0.000959088,,0.148868
K524468,0.9158325,,0.148434
K644051,0.000104985,,0.145985
K856737,8.5129075e-05,,0.121479
K546575,3.0476322e-05,,0.221592
K984464,3.73632e-05,,0.134243
K776034,4.531388e-06,,0.130633
K663765,0.00080668,,0.22600800000000001
K848337,2.415975e-05,,0.179595
K921077,0.99937576,,0.136191
K972618,6.724135e-06,,0.182223
K594517,0.007833985,,0.152063
K808518,0.04385776,,0.37988700000000003
K544136,0.00017874,,0.157626
K687788,3.0144868e-08,,0.156799
K871344,0.000738879,,0.152258
K669598,0.001345522,,0.174065
K755360,2.5255556e-05,,0.197416
K949342,1.3028096e-05,,0.164438
K976992,7.022626e-07,,0.150714
K637949,1.2301795e-07,,0.12754500000000002
K518995,3.0107715e-06,,0.18132900000000002
K726877,8.350817e-06,,0.159637
K960270,2.9816045e-05,,0.16541899999999998
K640917,2.0437517e-06,,0.122035
K513072,4.5078805e-06,,0.224046
K502427,0.029286368,,0.174266
K598923,5.851564e-06,,0.15188000000000001
K935230,0.99711144,,0.6127779999999999
K844627,6.832637e-05,,0.136654
K722310,2.7380818e-11,,0.121186
K621204,0.99999785,,0.115868
K519636,5.8279397e-06,,0.14887799999999998
K512650,5.380058e-05,,0.167553
K528735,0.000936886,,0.136117
K936595,1.4545034e-06,,0.19633699999999998
K760157,4.328439e-07,,0.20349099999999998
K913520,4.240507e-07,,0.128248
K973737,6.5247936e-05,,0.20253200000000002
K601120,8.053514e-06,,0.134191
K585097,0.00025242,,0.198782
K804102,1.4265369e-06,,0.164267
K991376,0.000241057,,0.191996
K656320,1.1139759e-05,,0.144593
K626435,0.001080454,,0.15417399999999998
K662122,1.1086594e-07,,0.157596
K647819,0.9957729,,0.17224099999999998
K952181,6.910588e-05,,0.168273
K768115,3.059919e-05,,0.110067
K617950,5.4760916e-05,,0.143812
K967465,7.2904463e-06,,0.14508000000000001
K511776,0.001735487,,0.47479899999999997
K992718,0.002609315,,0.21199500000000002
K982915,3.5118495e-09,,0.1156
K796444,8.742826e-08,,0.13810899999999998
K523610,0.000159726,,0.190958
K901596,9.2050665e-05,,0.139757
K972682,1.4442845e-06,,0.173398
K777234,0.000138895,,0.133263
K813890,0.9731268,,0.185449
K870464,9.474842e-05,,0.09954
K610806,2.839109e-06,,0.221675
K819293,0.4899096,,0.15186000000000002
K543895,1.6465012e-05,,0.167075
K898745,4.1355092e-06,,0.145262
K864139,0.000273356,,0.13080899999999998
K599416,0.000242922,,0.19046100000000002
K994750,7.811721e-05,,0.168707
K930746,1.1084991e-06,,0.153176
K710171,2.0505124e-06,,0.190623
K845754,4.261389e-05,,0.10366299999999999
K967305,1.2996809e-06,,0.18321
K643845,3.0308508e-06,,0.136697
K932627,2.2562487e-07,,0.202214
K979445,0.7403875,,0.179825
K728236,6.248673e-06,,0.18068199999999998
K808239,3.1798352e-06,,0.149826
K501879,0.9999455,,0.157616
K926895,0.00546488,,0.112931
K542969,4.669749e-11,,0.162564
K564321,2.282212e-05,,0.139105
K901910,6.8108266e-09,,0.139834
K908190,1.4358536e-05,,0.169147
K746181,0.000177795,,0.885738
K567858,2.6401867e-05,,0.128071
K656264,0.8537757,,0.206894
K757252,8.465234e-07,,0.164055
K705885,1.6339389e-07,,0.13383
K876878,1.7237616e-06,,0.137582
K591956,0.003585742,,0.146989
K623325,0.000223643,,0.17615799999999998
K651257,4.3988877e-07,,0.16099600000000003
K725017,1.3956343e-08,,0.10244
K759401,2.844266e-08,,0.16198600000000002
K605579,0.00011841,,0.221094
K645478,4.055073e-06,,0.11817699999999999
K695855,0.000213432,,0.149362
K739017,2.2915614e-05,,0.141633
K531266,5.56099e-07,,0.126488
K734826,1.0582404e-09,,0.13272899999999999
K818398,5.416911e-06,,0.128727
K539458,0.000411821,,0.139033
K883015,0.018361649,,0.162643
K600387,5.75588e-07,,0.126374
K931922,0.000290305,,0.109071
K860268,0.9998765,,0.15507
K591685,9.434883e-05,,0.150532
K958581,7.6296004e-08,,0.136094
K858260,1.3322239e-08,,0.09823
K718111,1.5697811e-05,,0.156571
K943104,9.940428e-07,,0.16925600000000002
K704648,3.0045042e-06,,0.17802700000000002
K523722,0.015306283,,0.154029
K563485,3.640809e-05,,0.180965
K843194,1.8129602e-06,,0.15734499999999998
K618673,5.103149e-08,,0.16617700000000002
K936399,5.8269898e-06,,0.130743
K645649,1.4573816e-07,,0.12853900000000001
K943424,1.9688908e-09,,0.070524
K955596,0.000654359,,0.13771
K585307,9.542146e-05,,0.220681
K869468,0.008224822,,0.756411
K982970,0.000475639,,0.149209
K586845,0.002740947,,0.146616
K567108,1.21563935e-05,,0.138285
K624848,3.2795582e-05,,0.154667
K728058,4.5892627e-08,,0.159032
K679871,4.6696327e-06,,0.167191
K606890,0.8934118,,0.15795299999999998
K971949,0.000244745,,0.18187599999999998
K930969,4.586915e-06,,0.16883
K610802,0.0058223,,0.138488
K549353,0.000418184,,0.143731
K546650,0.99997246,,0.245656
K715365,2.2242533e-05,,0.129479
K994503,0.8892561,,0.122524
K676785,0.000311596,,0.14913600000000002
K836427,2.9077812e-05,,0.169475
K621061,7.849555e-06,,0.20291700000000001
K601568,8.462243e-06,,0.11257600000000001
K508949,9.613477e-05,,0.15328899999999998
K990819,0.000160671,,0.16166
K688605,0.002139936,,0.194476
K778312,0.9989225,,0.120755
K522355,3.0005506e-07,,0.140329
K691093,0.001947101,,0.43380599999999997
K897580,0.000720418,,0.108419
K623621,4.2452357e-06,,0.166839
K559649,4.758763e-06,,0.12711
K920771,6.1617666e-06,,0.15063500000000002
K572234,6.297729e-06,,0.215542
K885891,1.10642495e-05,,0.209713
K505001,0.9995202,,0.17027799999999998
K822326,8.291627e-05,,0.13833800000000002
K938343,5.2328822e-08,,0.137957
K775249,0.974162,,0.162443
K996316,1.8028535e-06,,1.393739
K714781,9.980077e-06,,0.18143499999999999
K557159,1.7455234e-06,,0.13292900000000002
K509204,0.093058124,,0.132896
K503350,0.027040897,,0.112111
K767242,0.94810945,,0.152926
K652827,0.99909925,,0.151817
K691483,1.1506874e-06,,0.15041600000000002
K935259,5.325482e-07,,0.18475200000000003
K852248,7.75247e-06,,0.155001
K647041,0.002976883,,0.144349
K967634,0.007529076,,0.17954399999999998
K652033,0.000912053,,0.2093
K519147,5.038441e-07,,0.100758
K668690,2.8766299e-06,,0.14461400000000002
K787255,0.000172764,,0.186496
K595493,0.000467245,,0.209556
K817499,0.9994466,,0.139553
K813066,0.000105994,,0.155913
K553647,1.1699389e-06,,0.138827
K569342,4.934097e-09,,0.174967
K622477,8.370814e-06,,0.099734
K643255,3.1905074e-05,,0.141962
K757598,1.1459947e-06,,0.14725100000000002
K854725,4.195057e-06,,0.122129
K989364,7.627193e-06,,0.214971
K762052,0.001185098,,0.157155
K997967,0.000120653,,0.231884
K767521,7.974514e-05,,0.13675700000000002
K556948,4.0023843e-07,,0.182136
K568814,7.9157966e-05,,0.15557800000000002
K811353,0.9640344,,0.261644
K648248,0.000203026,,0.16284
K855187,4.0434247e-09,,0.1177
K784749,1.2995974e-07,,0.097317
K798139,0.000153877,,0.179927
K793954,0.000385947,,0.18554700000000002
K779267,2.9411055e-06,,0.111789
K502411,0.001735299,,0.140924
K800259,4.360215e-05,,0.17979699999999998
K630264,0.000961401,,0.153753
K827994,0.005936669,,0.15539899999999998
K839449,7.113198e-08,,0.21108
K834586,6.3163393e-06,,0.149338
K939793,7.079035e-07,,0.15601
K871238,1.2799164e-07,,0.131572
K759608,0.99964035,,0.175395
K868913,0.000201322,,0.071504
K553379,7.400276e-06,,0.158984
K521464,0.006365558,,0.19662500000000002
K852146,6.949493e-05,,0.169191
K770979,1.9372384e-05,,0.129788
K604238,0.20470624,,0.166511
K923984,7.462514e-06,,0.12442
K846214,1.8417302e-07,,0.19821
K721909,3.6103364e-07,,0.125598
K629007,0.99876666,,0.204709
K787575,0.990838,,0.064638
K871630,7.169237e-05,,0.13774999999999998
K775750,0.82226384,,0.192494
K540860,5.0948626e-07,,0.150817
K722922,1.7512278e-07,,0.150199
K641285,1.6597519e-06,,0.127022
K962930,2.2398986e-08,,0.11667999999999999
K938744,0.000611234,,0.12609700000000001
K951154,1.7755017e-05,,0.181391
K887865,1.21853645e-05,,0.17863099999999998
K768039,2.0667228e-05,,0.153056
K596883,3.8105704e-06,,0.14152
K596179,8.102471e-06,,0.15859499999999999
K832650,0.000236223,,0.17154799999999998
K524802,4.2998174e-05,,0.275948
K968321,2.7887509e-05,,0.132416
K861951,1.5334631e-06,,0.14547200000000002
K758568,0.29260665,,0.17854499999999998
K950802,3.816153e-07,,0.18343099999999998
K849268,3.629049e-08,,0.144886
K533898,1.0221306e-05,,0.21548899999999999
K963371,0.99996567,,0.153625
K793538,5.877089e-06,,0.154539
K722593,0.000239131,,0.137213
K518280,0.8915515,,0.18436599999999997
K540617,0.8856393,,0.112488
K751757,7.086695e-07,,0.103621
K543278,0.000280063,,0.148589
K815718,5.926074e-05,,0.157811
K562792,0.99977785,,0.479408
K687240,7.0125934e-06,,0.27735600000000005
K710144,0.1806586,,0.24510900000000002
K983300,1.7401378e-08,,0.146229
K830974,6.993687e-07,,0.11897
K980200,0.034020934,,0.094525
K649119,0.000552449,,0.136027
K863933,0.2256074,,0.126183
K790731,3.950211e-09,,0.19900800000000002
K794658,0.000577442,,0.11527599999999999
K662151,0.000188457,,0.121439
K613717,5.515506e-06,,0.167783
K714262,9.996683e-08,,0.149846
K588653,0.038021356,,0.229646
K690971,6.791242e-08,,0.136213
K572787,0.000461754,,0.15782800000000002
K598829,3.6910078e-06,,0.18010199999999998
K713837,6.9728285e-06,,0.180868
K527095,7.373666e-08,,0.117449
K821099,1.3731196e-05,,0.147686
K555415,1.947495e-05,,0.151277
K881809,0.001372372,,0.214447
K595326,0.9971934,,0.182274
K770205,1.7869013e-05,,0.13205699999999998
K567039,1.2338824e-10,,0.11903999999999999
K914520,7.811856e-06,,0.16281
K560743,1.1547158e-11,,0.11977700000000001
K788676,0.94525504,,0.15650799999999998
K646695,1.1982047e-07,,0.19587400000000002
K723421,0.9999969,,0.13607
K581149,1.1809048e-07,,0.210491
K687525,0.99647874,,0.180927
K513591,1.2733036e-06,,0.171612
K610454,1.7328884e-05,,0.190455
K918063,0.006827442,,0.186725
K521029,4.493767e-06,,0.12155099999999999
K579294,2.7333663e-05,,0.133458
K572606,8.48574e-05,,0.27394500000000005
K510023,0.001035194,,0.202747
K917159,2.0888804e-06,,0.15294300000000002
K949032,4.676219e-06,,0.16355
K857436,0.000382158,,0.180489
K981942,0.001531721,,0.187988
K748643,4.978891e-07,,0.184097
K944091,1.0962402e-08,,0.105692
K765339,0.000270445,,0.180285
K764171,0.000227942,,0.143008
K685617,1.2061861e-06,,0.15878
K561257,0.021468183,,0.16480199999999998
K528195,4.4037075e-05,,0.11165
K939228,0.582303,,0.142678
K598565,0.9543495,,0.142695
K660156,8.7204555e-09,,0.16409500000000002
K552858,0.98676133,,0.123364
K619642,0.011134028,,0.23305
K540001,1.7940934e-05,,0.265013
K923026,0.50971746,,0.196183
K973150,0.8231858,,0.186939
K584919,0.001269038,,0.13002899999999998
K576994,3.4902256e-05,,0.225381
K656308,0.000115245,,0.145158
K745835,7.950562e-06,,0.196031
K584342,0.002320118,,0.131256
K743821,8.2221646e-05,,0.166902
K592757,6.118545e-09,,0.14688900000000002
K834275,1.5658686e-07,,0.152203
K562148,0.000699063,,0.191085
K755386,7.317504e-05,,0.13153499999999999
K592628,0.000351266,,0.16273800000000002
K753381,0.9991929,,0.204229
K580586,0.9965823,,0.265679
K519062,0.97079414,,0.28520999999999996
K835505,6.100641e-05,,0.17469800000000002
K529647,0.003340141,,0.141682
K513570,6.036225e-08,,0.14482899999999999
K805433,0.000568014,,0.187246
K922447,0.99981195,,0.266823
K780998,0.001526167,,0.189918
K571083,7.862961e-05,,0.183333
K692221,9.209426e-07,,0.11488
K600473,0.9985421,,0.155213
K648642,2.7156568e-07,,0.143219
K577507,1.9192339e-07,,0.13615
K909148,0.002096896,,0.169651
K908247,7.28258e-06,,0.166568
K560302,2.2425654e-06,,0.205431
K638294,1.0463858e-06,,0.138711
K525408,9.663832e-08,,0.157276
K569333,5.7603018e-05,,0.179234
K591688,1.6649514e-08,,0.360673
K788691,0.000100697,,0.14202800000000002
K663118,0.00070651,,0.15429199999999998
K925362,1.9728916e-05,,0.087625
K513720,1.0470443e-05,,0.22115100000000001
K943792,6.546601e-08,,0.10721299999999999
K669907,1.5124272e-05,,0.148779
K785528,0.8834652,,0.193227
K915968,3.130095e-08,,0.233842
K774462,0.000221219,,0.14763800000000002
K920721,0.94494283,,0.205655
K958916,0.000132103,,0.17577500000000001
K876814,0.27725542,,0.14130299999999998
K680315,0.98611325,,0.12159600000000001
K818523,0.11518539,,0.162974
K684169,1.5876026e-07,,0.14430099999999998
K752178,0.001300181,,0.166141
K820484,6.1593477e-07,,0.077047
K742310,4.2881634e-06,,0.17349699999999998
K800682,0.004050395,,0.11624999999999999
K599711,1.9221366e-06,,0.14355099999999998
K525832,0.000128959,,0.205347
K739477,0.000203743,,0.123619
K904715,0.024447387,,0.464607
K644796,9.688786e-05,,0.189146
K932107,0.9988471,,0.373156
K911392,3.4447978e-05,,0.15133
K851544,2.3931816e-05,,0.13145500000000002
K799660,0.6246948,,0.13960699999999998
K954796,0.002358804,,0.5384260000000001
K844624,1.0396028e-05,,0.160917
K633358,3.091072e-05,,0.108086
K992171,1.2822277e-05,,0.160884
K938994,0.000101455,,0.181288
K949451,0.000172005,,0.19004100000000002
K642423,0.999962,,0.115335
K853557,5.603975e-07,,0.13013999999999998
K534393,5.3992103e-06,,0.133826
K756116,0.9988833,,0.186059
K817893,5.334176e-06,,0.131073
K848552,0.9156166,,0.203766
K885199,0.005934281,,0.137711
K911798,5.6210506e-06,,0.11540800000000001
K703280,2.9185358e-07,,0.16320199999999999
K678385,5.648596e-06,,0.195408
K814131,4.677606e-07,,0.199598
K568744,8.75266e-07,,0.148224
K971212,0.71488816,,0.173739
K553223,0.99994004,,0.18875
K704065,3.5199177e-05,,0.134997
K873557,3.446947e-05,,0.14196
K712991,2.1514124e-05,,0.18617199999999998
K675657,2.2428228e-05,,0.421081
K940687,0.007679537,,0.168577
K554120,3.6257117e-07,,0.090979
K633716,0.000441664,,0.16795600000000002
K518979,8.018261e-05,,0.158164
K796883,3.3032786e-05,,0.168541
K920879,7.256853e-09,,0.10768
K769123,5.64939e-09,,0.105051
K581882,1.2418143e-08,,0.08471
K615912,0.002781893,,0.160358
K712964,0.000240867,,0.19079200000000002
K780646,4.1727458e-10,,0.121532
K880249,7.1850895e-06,,0.134216
K973946,8.456622e-09,,0.17999500000000002
K903743,8.994892e-08,,0.110797
K944460,3.8870232e-05,,0.180777
K680671,3.5296404e-07,,0.156489
K785735,5.59414e-06,,0.114755
K791216,2.7859775e-08,,0.13916099999999998
K659950,0.92671293,,0.15547999999999998
K901874,0.036946367,,0.286695
K961455,1.6097887e-07,,0.185467
K798670,8.7447195e-05,,0.138807
K656186,0.019974817,,0.15642
K964330,0.76461667,,1.076039
K634986,0.010366293,,0.130842
K960273,2.1234442e-05,,0.170894
K530780,5.684218e-05,,0.25495799999999996
K755942,1.5531823e-06,,0.106578
K769465,0.001642661,,0.17479
K871681,1.4780491e-05,,0.18861
K871808,0.06892786,,0.26546299999999995
K995362,1.3265806e-05,,0.131921
K876565,0.000132102,,0.157745
K769922,0.9969688,,0.166287
K769396,1.0639645e-08,,0.191076
K500831,4.2185707e-06,,0.166938
K867875,0.000110867,,0.127925
K563637,3.2296604e-05,,0.17084300000000002
K689011,1.01207115e-05,,0.138572
K798567,0.9998621,,0.154485
K535695,5.3962125e-08,,0.115731
K718694,0.99865216,,0.155973
K740367,0.000172886,,0.149801
K902234,1.8644561e-05,,0.17308600000000002
K973579,0.9998466,,0.15643400000000002
K787278,8.561597e-07,,0.174241
K773256,3.7877257e-05,,0.134905
K640679,0.001151502,,0.19286199999999998
K943836,0.00020898,,0.150025
K836910,6.081791e-06,,0.16247099999999998
K643508,0.83313674,,0.181471
K901081,7.4868653e-06,,0.104111
K569887,5.673338e-05,,0.128875
K890255,1.0611275e-07,,0.12068600000000002
K745495,0.002507515,,0.13511399999999998
K690486,1.0114806e-05,,0.064173
K827671,1.20387285e-05,,0.17660700000000001
K760967,0.000156258,,0.19255999999999998
K814474,1.0333194e-05,,0.163094
K920627,1.0335e-08,,0.125975
K733821,0.005167562,,0.21739999999999998
K667368,2.4147548e-06,,0.176566
K761140,1.1167063e-05,,0.16484400000000002
K824914,3.9529523e-06,,0.188291
K541771,0.9969382,,0.136623
K854319,0.8944817,,0.134984
K734151,5.0621215e-06,,0.177111
K647080,1.5708209e-06,,0.144518
K525641,0.000132746,,0.12106
K563143,2.3535324e-06,,0.171015
K598644,3.0161544e-05,,0.109324
K804583,3.748314e-07,,0.106179
K886430,0.8472814,,0.23463900000000001
K997155,0.000633715,,0.125788
K625788,0.97149795,,0.168324
K592916,9.0459725e-05,,0.17905100000000002
K784198,3.778004e-07,,0.167354
K799686,0.000140946,,0.189197
K775675,4.1069354e-05,,0.154407
K878453,0.15226349,,0.15229700000000002
K843976,5.278146e-07,,0.128924
K816213,6.862956e-05,,0.165628
K765007,1.13539245e-05,,0.26391
K634697,0.001144316,,0.143491
K909940,1.2833054e-05,,0.147701
K685703,0.000189365,,0.137099
K662365,9.463502e-07,,0.174221
K523540,0.013901857,,0.15054099999999998
K648784,1.1707117e-05,,0.17573799999999998
K914990,0.000269862,,0.259378
K732644,1.4510644e-05,,0.11764
K998294,0.9989524,,0.15117
K941936,3.1819075e-10,,0.128605
K674869,1.471693e-05,,0.117831
K952256,0.000285549,,0.150087
K624702,0.000562943,,0.377081
K744174,6.877969e-08,,0.213798
K873132,5.641341e-05,,0.182532
K864047,0.9999677,,0.190179
K566651,0.000480353,,0.167906
K737306,3.171702e-05,,0.151971
K880959,1.9029271e-06,,0.133627
K735931,3.0620656e-06,,0.134726
K928319,4.2124498e-07,,0.15144400000000002
K931360,0.000229324,,0.17296
K757163,1.6148972e-05,,0.144153
K893423,0.000289948,,0.804619
K761153,0.000148963,,0.189143
K596068,1.4637418e-06,,0.246324
K600750,0.78188294,,0.19161
K678135,5.8394924e-09,,0.124114
K754669,0.000180541,,0.12153499999999999
K989362,0.000182803,,0.13866799999999999
K869764,9.363599e-06,,0.174922
K818930,0.99210817,,0.180846
K962418,1.9899378e-06,,0.158158
K922814,2.0465663e-08,,0.15284399999999998
K508106,6.5577e-06,,0.144937
K504622,0.8446469,,0.622984
K643277,0.9712631,,0.18036
K607861,5.427306e-05,,0.114528
K734993,6.5522596e-05,,0.129088
K712858,0.000235155,,0.143045
K932872,5.9009384e-09,,0.11915699999999999
K897473,3.0021532e-05,,0.13594
K823870,5.138588e-05,,0.201437
K858762,2.6255717e-07,,0.160799
K672507,0.001299585,,0.162788
K522864,2.1252504e-06,,0.085583
K992574,0.000142378,,0.11961500000000001
K661083,0.000378346,,0.19526400000000002
K776220,0.9218431,,0.257931
K875363,5.294586e-07,,0.166368
K563177,0.000484127,,0.115506
K668161,0.000226167,,0.232035
K532379,0.000168628,,1.423959
K646382,4.799167e-05,,0.130609
K626895,1.3845106e-05,,0.15571500000000002
K811434,1.1661454e-05,,0.120494
K808246,0.001267558,,0.15578899999999998
K537135,8.298509e-07,,0.140408
K502949,6.540642e-05,,0.129942
K892620,0.95518863,,0.13458799999999999
K851330,0.000313878,,0.194658
K952806,3.2922966e-08,,0.142372
K669263,0.001103024,,0.19953
K983307,7.110102e-09,,0.167385
K988928,0.000146928,,0.142581
K973480,0.001920513,,0.15641
K651368,4.1836125e-07,,0.12670499999999998
K840636,0.000588387,,0.147842
K583855,8.598778e-05,,0.15875899999999998
K726300,0.020567888,,0.16154200000000002
K724545,2.3290623e-07,,0.151146
K503578,0.000256332,,0.15844999999999998
K540637,1.5623378e-07,,0.140677
K564094,0.054294664,,0.188662
K667878,6.77264e-07,,0.237662
K775177,3.3728725e-08,,0.166672
K791557,2.4151273e-05,,0.174403
K730613,0.0053067,,0.15934199999999998
K539016,0.975268,,0.171219
K510460,0.4970413,,0.170147
K783745,1.386902e-06,,0.19631400000000002
K736518,3.1900847e-05,,0.108726
K905924,0.9183019,,0.14297400000000002
K929657,0.000110226,,0.14443799999999998
K817130,3.4603486e-06,,0.186715
K639015,3.7406185e-06,,0.139767
K992047,8.0560145e-05,,0.139485
K718265,0.99951077,,0.141069
K716445,3.3594864e-07,,0.20553400000000002
K808455,2.3727056e-07,,0.193329
K533414,0.00021047,,0.17947000000000002
K929522,3.0350334e-06,,0.132296
K818783,0.000190545,,0.401034
K852270,0.008426298,,0.17255
K523241,8.599089e-05,,0.197322
K820740,6.310947e-07,,0.160668
K655603,0.000581877,,0.16182400000000002
K759657,1.7010256e-05,,0.128302
K702169,2.1332032e-07,,0.14919
K728838,0.000382123,,0.162625
K911699,8.191425e-07,,0.18593700000000002
K792183,4.7160285e-07,,0.122922
K566585,0.9992654,,0.16861
K869881,0.000389401,,0.197021
K951518,1.9308714e-05,,0.14088399999999998
K851266,0.000133937,,0.166531
K756895,6.4397072e-06,,0.16404300000000002
K992955,6.060081e-07,,0.218398
K806907,9.762354e-06,,0.167659
K901740,4.603642e-06,,0.179897
K619062,1.3297813e-05,,0.089813
K667415,2.1536211e-08,,0.168679
K652671,1.1320247e-06,,0.240155
K599211,0.000942146,,0.160493
K744701,2.5815014e-05,,0.085919
K781267,7.975655e-05,,0.14375300000000002
K513346,0.000302531,,0.139158
K786188,2.7635517e-07,,0.11860000000000001
K799596,0.87687874,,0.158142
K861912,1.6563568e-05,,0.168981
K645946,2.196218e-05,,0.13137000000000001
K900163,0.000385936,,0.125666
K551473,2.6347514e-05,,0.116753
K816700,0.000554158,,0.194999
K617021,0.000296146,,0.174654
K546693,1.8826091e-05,,0.15401600000000001
K514237,0.000347285,,0.164195
K817299,1.289108e-06,,0.15745900000000002
K964837,1.4536448e-07,,0.166328
K964792,9.165497e-08,,0.13067499999999999
K952979,6.790355e-06,,0.167937
K910241,0.8676832,,0.5624129999999999
K750363,0.000640865,,0.091054
K598640,5.5855207e-06,,0.137046
K932150,2.8747852e-05,,0.174186
K770170,0.000193775,,0.19437700000000002
K828892,6.631411e-07,,0.13839100000000001
K937890,0.009982331,,0.173277
K911450,1.4163875e-06,,0.171047
K964409,5.1583747e-06,,0.157798
K757959,0.000118638,,0.18280000000000002
K533799,9.309688e-07,,0.128746
K703647,0.8056583,,0.156835
K937588,0.058192533,,0.274414
K855049,2.1787086e-07,,0.12363999999999999
K803111,8.176051e-08,,0.14466800000000002
K648682,0.011711683,,0.124029
K674012,0.011090663,,0.5298560000000001
K775112,4.181546e-07,,0.158773
K694917,2.1481839e-07,,0.32337299999999997
K697339,1.4213045e-07,,0.126474
K820134,0.8680008,,0.149009
K980762,0.90942854,,0.114984
K771421,0.004166497,,0.176294
K509365,1.647651e-05,,0.13577299999999998
K956244,0.000678922,,0.146183
K536022,0.000934563,,0.243441
K925535,1.618486e-07,,0.112618
K662328,2.252785e-07,,0.185658
K911236,6.289351e-06,,0.156085
K515040,8.2201195e-06,,0.20919
K528757,3.8932228e-08,,0.148735
K695548,0.001009726,,0.213873
K860565,0.31070843,,0.596457
K536210,0.00010258,,0.14938400000000002
K735057,9.901858e-08,,0.114836
K655599,0.9997886,,0.144295
K942197,3.3862838e-05,,0.15049400000000002
K742103,9.9891826e-05,,0.144392
K768979,7.195624e-07,,0.141072
K661099,8.531469e-06,,0.07991
K869450,2.8535803e-07,,0.15698800000000002
K876687,1.3513456e-05,,0.17552199999999998
K612342,0.000398244,,0.185805
K932902,0.001041097,,0.161602
K812965,0.034798726,,0.143043
K974223,7.922549e-07,,0.167277
K926722,1.3417332e-08,,0.14290599999999998
K928632,1.1190016e-05,,0.15096199999999999
K515665,0.000897441,,0.209643
K953566,1.2384883e-06,,0.165617
K731815,2.1124506e-05,,0.127041
K830649,2.303356e-06,,0.168073
K927405,0.018637834,,0.15164100000000003
K524421,8.18204e-07,,0.15939
K530642,0.000196635,,0.16361299999999998
K582150,4.6804757e-06,,0.150401
K868263,9.019379e-06,,0.190538
K728098,7.809353e-05,,0.12839
K597988,2.8666639e-10,,0.13011799999999998
K643771,1.9574004e-06,,0.149555
K743619,0.9814648,,0.13341
K503690,2.9907536e-08,,0.065708
K676706,1.4809331e-05,,0.100886
K923282,1.0642515e-06,,0.164912
K989868,0.72262704,,0.16577
K533080,5.7084562e-05,,0.137903
K502266,3.3948623e-07,,0.153437
K618619,9.320783e-07,,0.12049299999999999
K954096,1.5891871e-06,,0.108325
K646984,0.998437,,0.164058
K789352,1.8449976e-08,,0.083929
K759585,3.9951105e-05,,0.111176
K918978,5.115474e-09,,0.105422
K722790,1.2345453e-08,,0.150218
K767227,0.6705586,,0.158369
K850175,0.9742959,,0.147073
K522505,9.435458e-05,,0.467961
K904953,0.05197999,,0.15863500000000003
K716038,1.4500513e-08,,0.084874
K724786,2.5579267e-05,,0.17116
K815295,2.6920168e-06,,0.156679
K769062,0.006760395,,0.20837399999999998
K526535,0.99976367,,0.14821600000000001
K962967,5.408273e-07,,0.090733
K768869,2.853048e-05,,0.149976
K910413,2.2781906e-07,,0.17230600000000001
K745364,0.000208363,,0.206169
K977528,1.2417662e-07,,0.18576900000000002
K633824,0.001768312,,0.20935399999999998
K534441,3.740365e-06,,0.15823500000000001
K819818,0.000114949,,0.152845
K925703,1.82218e-06,,0.16387500000000002
K980869,2.9528928e-06,,0.097988
K719274,9.925878e-07,,0.17733500000000002
K978219,3.5476046e-06,,0.135729
K648770,8.564573e-06,,0.27896
K609989,1.5498132e-06,,0.129441
K874759,8.831562e-06,,0.18093499999999998
K916676,0.16487516,,0.144147
K694226,8.376511e-07,,0.11871400000000001
K743551,1.6536454e-06,,0.202125
K573724,0.011544876,,0.10994100000000001
K737396,0.99065477,,0.13443
K778971,4.121261e-06,,0.155263
K906475,0.009081158,,0.207931
K924417,0.000216341,,0.12673800000000002
K846562,2.0438049e-05,,0.251378
K595506,7.960996e-08,,0.165473
K531597,3.0548195e-05,,0.173031
K542081,3.4025713e-06,,0.146871
K705533,1.1814905e-07,,0.219624
K834020,0.969104,,0.17466
K745035,0.9999981,,0.16958900000000002
K613224,5.9518545e-05,,0.172276
K948335,0.000689966,,0.185566
K561499,0.018840369,,0.16020199999999998
K977416,5.4034626e-08,,0.159837
K891626,5.824834e-07,,0.133906
K635366,1.899755e-05,,0.183515
K915767,5.5439987e-06,,0.152608
K664787,0.041841093,,0.234449
K788186,0.99999976,,0.15009
K681193,0.000145754,,0.152291
K864918,2.964397e-07,,0.128101
K750554,0.8401112,,0.12007699999999999
K537626,5.284695e-05,,0.126227
K721520,0.000314421,,0.152701
K813526,1.5940588e-05,,0.15264699999999998
K995947,1.4397491e-05,,0.197557
K975022,2.3673514e-09,,0.097171
K830692,0.9999833,,0.10815699999999999
K787431,4.4741208e-07,,0.157853
K969994,1.5484552e-07,,0.120551
K930412,0.000866184,,0.159721
K961199,0.9998677,,0.134325
K839559,1.5152496e-05,,0.183389
K619077,0.000304678,,0.115834
K685016,1.0554586e-09,,0.066813
K854630,1.6407032e-05,,0.160836
K847855,0.000466066,,0.12115300000000001
K828409,1.659421e-05,,0.2873
K626736,3.933722e-05,,0.17564
K866742,0.03796291,,0.183416
K697878,2.0455362e-05,,0.179599
K756645,0.00018866,,0.14218999999999998
K557121,6.505019e-05,,0.137595
K911753,0.000542688,,0.161632
K904584,1.5970022e-07,,0.12615200000000001
K893656,0.017764933,,0.127196
K872604,3.0382682e-06,,0.21159999999999998
K684965,0.2563919,,0.198094
K942847,6.0431007e-06,,0.15025400000000003
K512449,0.051972754,,0.223812
K900514,0.003144525,,0.193056
K532683,0.014782546,,0.117615
K626543,4.3046862e-07,,0.17015
K503939,0.003790086,,0.158114
K646917,1.988426e-08,,0.128211
K982680,4.0668166e-07,,0.135938
K566467,0.002425647,,0.136906
K763292,0.001826275,,0.164691
K559087,5.42307e-07,,0.18631799999999998
K513761,0.000131404,,0.168537
K814285,0.986785,,0.17021399999999998
K980659,0.002166298,,0.31607999999999997
K817755,4.5946166e-05,,0.13063
K634875,3.8141728e-08,,0.155991
K926513,0.000494652,,0.169351
K628969,1.1995361e-06,,0.153895
K693827,0.98931444,,0.100935
K945380,1.0292538e-06,,0.162012
K737172,3.976391e-05,,0.13442800000000002
K650610,1.7314096e-06,,0.096809
K740736,2.7619575e-07,,0.157266
K908994,1.9560082e-06,,0.129371
K597065,1.7564895e-05,,0.25567
K562262,0.006573472,,0.141482
K814728,0.99587435,,0.1236
K972806,7.998093e-06,,0.178154
K933430,0.8823743,,0.145291
K855778,0.001765269,,0.204766
K508320,2.8029485e-06,,0.349716
K946689,0.99996936,,0.157287
K891889,0.000251985,,0.14103
K559293,2.9625498e-05,,0.16456900000000002
K707984,0.007993441,,0.197015
K566345,4.317313e-05,,0.131547
K710404,0.000463118,,0.153817
K636743,1.494612e-08,,0.138764
K843965,0.99995565,,0.132841
K757164,1.6698492e-05,,0.44880600000000004
K967604,9.198555e-05,,0.14951799999999998
K550108,2.1445048e-08,,0.203994
K938748,1.36701265e-05,,0.163071
K970546,1.3466871e-07,,0.146777
K776925,0.99361765,,0.134035
K930956,2.6807461e-08,,0.170808
K964920,2.1885971e-05,,0.13165300000000002
K558923,0.9950622,,0.264733
K916740,0.996236,,0.155935
K945462,0.73947674,,0.116258
K800136,0.99699736,,0.180626
K841803,0.002389477,,0.11506999999999999
K754248,0.9984516,,0.159773
K667164,0.001574869,,0.22116999999999998
K949543,4.1455482e-07,,0.132905
K580182,0.46059117,,0.17038
K621291,9.980401e-06,,0.179502
K698429,0.000322636,,0.148783
K999466,0.9964743,,0.175006
K902573,0.046752248,,0.097332
K937468,0.5962167,,0.179397
K517925,3.204696e-08,,0.1344
K912905,5.363786e-08,,0.162376
K683234,2.4167753e-06,,0.19109600000000002
K755983,7.9602574e-07,,0.20102699999999998
K508962,0.97326475,,0.132205
K754793,0.13676614,,0.159198
K743107,0.000379907,,0.16119
K679355,1.688125e-05,,0.13983399999999999
K925544,2.8376304e-05,,0.14179699999999998
K821009,5.9923173e-06,,0.11841600000000001
K541933,3.5597882e-06,,0.179443
K533037,0.000455239,,0.12620499999999998
K747778,0.000117886,,0.15860000000000002
K698255,1.1230052e-05,,0.08145
K810857,0.000399102,,0.192663
K618408,5.818388e-10,,0.126692
K849881,0.18024181,,0.20010999999999998
K939066,0.009322463,,0.28640499999999997
K985449,0.000752215,,0.130108
K509878,1.1721489e-06,,0.16647499999999998
K825337,0.006515616,,0.240647
K564508,2.6893536e-09,,0.12220800000000001
K644595,1.1136063e-05,,0.14214400000000002
K681783,0.000399767,,0.143955
K956451,3.7495443e-05,,0.160471
K649426,0.000106931,,0.128999
K912742,7.312628e-08,,0.13938
K741894,2.787265e-05,,0.11785199999999998
K744492,0.99652356,,0.202239
K880758,9.86451e-07,,0.13232
K835312,6.435371e-05,,0.145161
K949559,0.001571787,,0.099801
K768210,4.982812e-05,,0.165927
K729866,4.1994277e-05,,0.189665
K973245,0.000482876,,0.085415
K636236,1.0517213e-08,,0.088178
K731537,7.0054106e-05,,0.164556
K698336,9.309407e-05,,0.131489
K939844,0.99620867,,0.15376800000000002
K653534,6.9074565e-07,,0.157649
K553977,2.8146223e-05,,0.114412
K740478,1.3091213e-06,,0.20519300000000001
K504210,6.163596e-05,,0.117414
K998640,4.541129e-08,,0.111786
K794793,0.000262218,,0.11924199999999999
K829910,3.5882476e-05,,0.121311
K784676,9.2161036e-07,,0.158836
K781600,5.9624945e-05,,0.134293
K899062,3.4956865e-06,,0.170045
K753481,3.0932398e-07,,0.15707
K573940,0.000106567,,0.257627
K687361,0.15133227,,0.28375
K993349,0.000184743,,0.251926
K744231,0.62557167,,0.158283
K701220,0.31256437,,0.24729199999999998
K608119,3.1266403e-08,,0.12037
K768515,0.000465325,,0.117804
K802946,8.174326e-06,,0.174329
K652432,0.9998677,,0.185115
K607642,0.03383904,,0.144836
K831958,1.6687064e-06,,0.156706
K537609,2.7312139e-05,,0.20776799999999998
K993232,4.0420666e-05,,0.13419699999999998
K565121,0.67457867,,0.152561
K854009,1.9796603e-07,,0.188657
K879662,5.3988682e-05,,0.12720199999999998
K661843,4.2509764e-06,,0.193081
K512113,0.003669086,,0.145564
K962474,0.000528765,,0.16281700000000002
K946425,0.000250833,,0.136907
K866739,0.000814217,,0.152911
K547474,0.9999831,,0.157543
K697423,3.781746e-07,,0.150298
K703943,1.0414121e-06,,0.280951
K776204,7.027082e-08,,0.184199
K993593,0.55051696,,0.172457
K734490,1.7850176e-05,,0.169876
K628175,4.605826e-09,,0.090453
K956736,8.676991e-06,,0.14164
K663624,1.141899e-05,,0.154342
K625803,0.95324355,,0.8668629999999999
K902882,0.000240409,,0.198118
K807776,0.14309359,,0.212594
K998564,4.504554e-06,,0.38603800000000005
K523288,0.93620384,,0.133998
K695293,1.2806083e-08,,0.110502
K965405,4.6033605e-07,,0.12122400000000001
K511185,0.00082488,,0.1747
K867046,3.0557771e-07,,0.14091599999999999
K987738,0.000299701,,0.161583
K552469,5.435106e-05,,0.096849
K722289,0.000559236,,0.170254
K798076,2.3134953e-05,,0.086301
K999350,0.000574465,,0.175629
K589613,0.99967146,,0.180397
K568025,4.8519638e-08,,0.13297699999999998
K858693,4.010662e-05,,0.143517
K641186,0.000432901,,0.179424
K905719,3.1802116e-08,,0.12012400000000001
K782006,0.004577359,,0.159157
K538396,4.3133014e-06,,0.134523
K701645,0.000935219,,0.196709
K522942,0.000614258,,0.165425
K532978,6.799864e-05,,0.132914
K621014,0.025533807,,0.115012
K810164,3.275923e-05,,0.18415099999999998
K991792,4.1002974e-09,,0.148168
K782400,1.44998685e-05,,0.11232400000000001
K569974,1.9663494e-05,,0.098096
K945703,1.4897032e-07,,0.18487
K619324,1.1126902e-05,,0.077826
K872867,2.1752196e-06,,0.132695
K521431,7.7757994e-07,,0.16868999999999998
K746916,0.000145232,,0.124144
K912258,0.9747117,,0.167164
K941103,0.000491915,,0.20505099999999998
K512043,6.093037e-07,,0.082632
K842745,0.96235996,,0.177476
K992345,0.001298158,,0.166006
K851600,4.5955527e-08,,0.10518799999999999
K738724,9.758612e-06,,0.17219700000000002
K757623,1.0135316e-08,,0.167968
K686654,3.8198756e-05,,0.134293
K583941,5.7482495e-08,,0.108644
K631378,0.97671473,,0.188746
K821096,2.2014368e-07,,0.110002
K669212,2.086151e-06,,0.155706
K653898,0.99893385,,0.114549
K949614,5.857544e-06,,0.213848
K953807,2.3991708e-05,,0.160975
K502149,0.99995875,,0.1508
K633260,2.2467752e-07,,0.13503900000000002
K876682,6.623342e-05,,0.179066
K551676,2.3862217e-06,,0.17463199999999998
K770221,0.000104665,,0.171614
K998827,8.3175246e-07,,0.120424
K737775,0.009875202,,0.21738000000000002
K628613,1.6212034e-07,,0.184886
K542700,1.5100013e-06,,0.119707
K683439,2.2898555e-06,,0.139291
K538111,3.36362e-06,,0.099779
K951121,9.0717585e-06,,0.14178300000000002
K646382,0.005141377,,0.2187
K663869,0.00010938,,0.189656
K804090,5.438382e-06,,0.14534
K612835,4.2909187e-07,,0.25649
K581182,0.9999527,,0.15888
K523299,3.77657e-06,,0.134882
K976368,4.7856392e-05,,0.14805000000000001
K841384,8.148267e-06,,0.10252
K918993,6.876264e-06,,0.163695
K518663,0.9942795,,0.14513299999999998
K789458,7.742631e-05,,0.139959
K998556,1.1479359e-05,,0.173182
K514383,0.9835482,,0.17723999999999998
K758196,0.49990138,,0.150362
K519516,7.6087963e-07,,0.107344
K778652,0.0080103,,0.145354
K504782,1.3938607e-06,,0.141976
K802537,0.99893445,,0.175018
K630360,0.001053607,,0.196676
K868846,1.3971603e-05,,0.11575900000000001
K632374,5.735685e-09,,0.116133
K787423,9.83131e-05,,0.139939
K824315,4.04576e-06,,0.14934899999999998
K605679,0.18898435,,0.14952900000000002
K660565,0.9615095,,0.202791
K982027,4.854417e-06,,0.122507
K975484,0.6376416,,0.555762
K909538,9.438949e-11,,0.120933
K745190,0.000156623,,0.140569
K662800,1.3711282e-07,,0.14056000000000002
K977735,1.7501101e-08,,0.161993
K704347,1.515595e-05,,0.10029700000000001
K902780,5.517904e-08,,0.160262
K700796,0.9999924,,0.263495
K972508,5.931443e-08,,0.118548
K978237,2.5352668e-07,,0.128669
K632732,1.3771022e-05,,0.177938
K916560,2.699305e-05,,0.182247
K659024,5.418167e-09,,0.167542
K701183,3.0337083e-06,,0.178947
K640174,0.99975425,,0.139572
K866680,2.7714941e-05,,0.130383
K617759,0.000282434,,0.166872
K954006,9.606812e-07,,0.17959299999999997
K534233,1.4705974e-05,,0.12878399999999998
K536249,0.9961106,,0.16057
K853129,0.000262957,,0.148995
K624262,3.8669914e-06,,0.15823299999999998
K778917,2.224683e-06,,0.132825
K726704,0.2472491,,0.113555
K842118,2.3956889e-06,,0.151874
K578055,2.0916346e-05,,0.14174
K816432,1.5213654e-06,,0.24286199999999997
K762552,0.9993368,,0.13971199999999998
K511127,8.2702545e-06,,0.133239
K652878,3.149335e-05,,0.092058
K644924,8.812591e-08,,0.15605999999999998
K923672,0.000505361,,0.158606
K971829,0.5957156,,0.18876900000000002
K763914,1.7778248e-05,,0.187029
K609112,0.002182865,,0.283754
K684136,3.7968464e-05,,0.14614100000000002
K766435,0.007989238,,0.116091
K724210,0.9999279,,0.169103
K718303,3.6625954e-06,,0.11668199999999998
K825622,3.5860205e-05,,0.12770900000000002
K917256,0.9997739,,0.116422
K837104,0.036577757,,0.156026
K962419,0.8673617,,0.13012300000000002
K522941,0.018917507,,0.16821
K699367,1.8876376e-08,,0.124936
K956981,3.5290454e-06,,0.148722
K673312,0.21518512,,0.169027
K955894,2.831681e-06,,0.156745
K600188,1.5825954e-08,,0.121453
K727458,0.000207684,,0.148903
K967704,2.2359657e-07,,0.143853
K819010,1.931175e-06,,0.24687900000000002
K879432,0.78187144,,0.11578000000000001
K704947,5.9245936e-05,,0.23082
K820381,6.4156964e-05,,0.14316600000000002
K892906,0.86955035,,0.146666
K853073,2.6172564e-05,,0.216637
K793117,0.003444308,,0.7186319999999999
K805409,9.819075e-05,,0.150984
K808208,0.00053503,,0.140569
K514041,1.5243576e-05,,0.129339
K976314,0.99978656,,0.250773
K561251,1.2626289e-08,,0.13075900000000001
K695220,0.24210843,,0.147673
K944314,1.25929955e-05,,0.174807
K523610,1.0408531e-06,,0.12835
K916078,0.99986386,,0.188033
K729059,0.17145023,,0.16176600000000002
K919660,2.875752e-08,,0.146437
K695150,0.9999913,,0.162189
K998040,6.904021e-05,,0.115228
K548316,1.5250784e-07,,0.11410100000000001
K837343,1.4431788e-05,,0.41695299999999996
K507705,1.1706553e-06,,0.16149
K597323,0.16599044,,0.18923
K879848,1.5342472e-05,,0.173879
K523579,0.024740752,,0.188477
K605517,3.2638873e-06,,0.15149500000000002
K797517,0.99999607,,0.136915
K801941,0.98983043,,0.174971
K664341,1.11741265e-05,,0.126734
K664282,8.1108365e-06,,0.154671
K706910,0.01640968,,0.14866
K778677,1.8876786e-05,,0.26072
K686257,9.3687234e-08,,0.115759
K589106,5.990706e-06,,0.132285
K947496,0.000113751,,0.113161
K591508,3.85853e-06,,0.133158
K773574,9.815977e-06,,0.11158900000000001
K668840,7.343375e-05,,0.14328200000000002
K950106,0.9997981,,0.168601
K939947,2.4738638e-05,,0.085872
K696693,0.000114593,,0.27504900000000004
K899684,0.9863483,,0.191138
K966150,1.1204112e-06,,0.159469
K594179,1.3312689e-08,,0.173949
K508910,0.000729638,,0.186632
K602542,0.00041127,,0.186304
K613788,6.426913e-08,,0.169356
K832620,2.8070846e-07,,0.16566
K652022,6.4600805e-09,,0.161913
K807631,5.253416e-06,,0.176006
K638746,0.002826067,,0.16534500000000002
K777238,0.000357981,,0.264753
K636400,0.36413056,,0.18934399999999998
K912928,2.632978e-05,,0.15143399999999999
K525493,0.002064293,,0.16632000000000002
K700461,2.428971e-06,,0.16248600000000002
K665659,3.1182633e-05,,0.15571600000000002
K708996,2.9624434e-06,,0.15212
K856566,1.7717981e-07,,0.20153100000000002
K645293,0.49557582,,0.168149
K835301,0.9534562,,0.148177
K692172,5.2958276e-12,,0.11924
K938620,6.4985816e-06,,0.125243
K617876,0.003264021,,0.174595
K712538,0.45023155,,0.157532
K893344,5.6914152e-05,,0.187328
K905995,0.000152172,,0.135074
K837652,4.2861066e-06,,0.21961
K529469,3.4500903e-07,,0.146617
K585536,0.000224424,,0.19451500000000002
K740397,4.9956134e-06,,0.19292199999999998
K563937,3.692381e-06,,0.162238
K597062,0.000185975,,0.134615
K560226,0.000102438,,0.089184
K735548,0.003891076,,0.221611
K754550,6.4226235e-08,,0.14671700000000001
K644082,2.630331e-06,,0.15723600000000001
K948327,5.9719223e-06,,0.092327
K533296,8.628847e-08,,0.195483
K746903,4.823388e-07,,0.148546
K988358,0.000198882,,0.254813
K874599,3.0915202e-05,,0.16567
K800110,0.99441284,,0.119201
K758942,4.9693063e-09,,0.049762
K655937,2.2449307e-05,,0.11776299999999999
K782197,0.000363569,,0.215087
K735736,0.000239288,,0.12443
K853875,0.9702757,,0.122942
K534136,0.01568617,,0.12835000000000002
K609444,0.000520715,,0.116229
K973846,7.193536e-06,,0.154164
K601861,0.000149435,,0.173248
K532310,0.9931037,,0.12698700000000002
K908811,0.001928996,,0.117909
K854729,0.000131311,,0.18507800000000002
K795982,0.99372536,,0.18668400000000002
K683969,1.0772952e-05,,0.12282300000000002
K658154,0.000563299,,0.135069
K587937,2.4817788e-07,,0.14457399999999998
K893335,5.56404e-07,,0.174564
K853281,2.2102344e-05,,0.142646
K855263,0.001175786,,0.141292
K990679,1.1054636e-09,,0.113912
K695669,1.8082248e-05,,0.2115
K724563,3.096819e-06,,0.16285699999999997
K588837,0.000705348,,0.178426
K517192,0.99995315,,0.178999
K525889,0.20243675,,0.17798
K992563,0.12638515,,0.212397
K779583,6.381526e-05,,0.173533
K580613,6.6293813e-07,,0.12348200000000001
K731536,0.020853918,,0.164693
K937124,5.9328618e-06,,0.15900999999999998
K620039,0.09183861,,0.328432
K863901,2.1937352e-09,,0.151085
K546804,3.8795504e-05,,0.179923
K526221,0.006832806,,0.172508
K712610,2.9750183e-05,,0.124478
K823507,1.17655645e-05,,0.152809
K889900,0.000121102,,0.145996
K812420,7.440331e-05,,0.18295899999999998
K869446,3.071385e-05,,0.157688
K842426,8.3747786e-05,,0.19012400000000002
K655485,0.000124083,,0.177959
K991794,0.99998605,,0.10985
K892656,0.001093358,,0.160295
K691409,0.001353451,,0.192667
K948834,4.312707e-07,,0.161617
K861849,0.6685306,,0.173394
K661082,7.638197e-07,,0.103062
K580155,0.000176771,,0.129105
K917748,0.000843185,,0.171521
K525799,0.3986542,,0.155499
K917118,1,,0.130693
K662156,4.902708e-09,,0.15021400000000001
K549600,0.008516278,,0.175696
K678535,2.3911011e-06,,0.134848
K515097,0.9540165,,0.1453
K608363,8.084225e-06,,0.179971
K562617,9.887125e-06,,0.172411
K650960,0.000754622,,0.135005
K824350,0.000527631,,0.137427
K981181,0.000150452,,0.166252
K551133,3.2402484e-06,,0.127443
K778978,6.0825867e-10,,0.10598199999999999
K828088,2.3589994e-06,,0.14316399999999999
K615290,1.2417345e-05,,0.126748
K699037,0.9999777,,0.153828
K978912,3.447532e-05,,0.179895
K763608,0.8679374,,0.226034
K979632,0.97933894,,0.148394
K744908,0.74691236,,0.15417499999999998
K630945,0.000197531,,0.12019500000000001
K993904,7.2216585e-07,,0.14619200000000002
K700278,3.3933793e-05,,0.161355
K794268,0.001388077,,0.199567
K604197,0.000121808,,0.151222
K568890,3.1707173e-06,,0.175527
K831463,0.001477055,,0.149989
K721135,2.0590217e-07,,0.161206
K664050,1.1081789e-08,,0.161645
K527942,6.019627e-06,,0.170805
K514756,0.000589711,,0.156467
K805345,9.059715e-06,,0.161554
K633399,3.370349e-05,,0.150798
K899559,5.556581e-06,,0.133745
K576207,0.8648479,,0.17613
K741420,1.26902605e-05,,0.178659
K796714,2.8086508e-06,,0.21056799999999998
K774254,0.9999995,,0.178227
K992706,7.865261e-06,,0.12752
K989471,1.3929836e-06,,0.187089
K929261,4.518636e-06,,0.129001
K558778,0.03342825,,0.145191
K742691,0.21736047,,0.147503
K808125,9.365547e-05,,0.136792
K679735,6.731827e-07,,0.16831400000000002
K883488,0.5495216,,0.327905
K618980,1.222603e-07,,0.111512
K647051,0.8658916,,0.18049
K798561,1.2386723e-05,,0.12204999999999999
K721315,0.00028015,,0.175527
K764707,0.000161279,,0.164556
K591576,4.3168177e-07,,0.16121000000000002
K524839,5.222712e-07,,0.073415
K500247,5.683627e-07,,0.167194
K702960,8.716338e-05,,0.17357899999999998
K544964,3.5577144e-05,,0.186237
K637485,0.000223708,,0.11072699999999999
K547559,0.9714382,,0.11939
K805738,1.2663078e-06,,0.328197
K820138,0.29491842,,0.131979
K657483,0.00150719,,0.15195899999999998
K594219,1.4147029e-05,,0.14230399999999999
K844650,0.060819354,,0.177042
K699705,0.99446726,,0.173772
K903784,7.438385e-06,,0.149304
K568550,0.014850074,,0.384285
K863095,3.224961e-06,,0.151342
K889473,0.5460298,,0.151192
K525953,0.023130095,,0.148264
K680677,3.355414e-05,,0.133656
K508644,0.9944266,,0.17890799999999998
K988457,8.550349e-06,,0.125831
K613136,0.000201581,,0.156517
K840098,2.6488027e-07,,0.12729100000000002
K624772,1.9769373e-06,,0.173845
K757537,0.000217312,,0.280609
K902681,0.8347156,,0.177797
K929694,3.1509662e-05,,0.13682
K972168,2.6885018e-06,,0.127293
K876738,7.627098e-08,,0.075565
K785889,9.807871e-07,,0.148887
K735635,2.7801027e-05,,0.125136
K873098,1.1903942e-06,,0.15648
K591059,0.000175609,,0.198617
K726822,5.509085e-05,,0.14605600000000002
K998470,0.8987948,,0.20107599999999998
K762779,0.000144462,,0.179662
K671736,0.9913401,,0.15501
K632600,2.1105305e-10,,0.131248
K717728,0.000308154,,0.282695
K766888,2.2727336e-06,,0.180309
K689673,0.000429776,,0.510543
K596680,0.73601145,,0.407517
K614165,1.7735016e-05,,0.16916699999999998
K585714,3.5541232e-06,,0.108583
K634262,9.2544866e-07,,0.16801
K911521,0.96436924,,0.167567
K518929,8.578286e-05,,0.143408
K718817,0.000723135,,0.157748
K775238,1.0127074e-05,,0.134519
K740208,0.59909284,,0.38088
K849060,2.154936e-08,,0.164042
K926649,1.3425644e-07,,0.106553
K888331,4.0163022e-07,,0.12778
K702855,2.1748298e-05,,0.144867
K943552,0.70265126,,0.16464299999999998
K579027,3.298855e-10,,0.098135
K995920,2.3343964e-05,,0.148287
K650723,1.0247426e-06,,0.175161
K821092,0.000169143,,0.165705
K534601,3.5587157e-06,,0.17332
K629481,1.2322665e-05,,0.122849
K659299,0.013018131,,0.147215
K810907,3.4982403e-07,,0.15704300000000002
K684505,0.703398,,0.168293
K919248,0.00591404,,0.122387
K987777,0.083664775,,0.300772
K994886,6.6022636e-07,,0.12231
K554074,7.3466445e-06,,0.125243
K548223,0.000226572,,0.169732
K673861,1.4823687e-05,,0.138167
K851759,8.6350195e-07,,0.169237
K634852,2.6675145e-05,,0.16953500000000002
K701524,0.014080933,,0.151553
K742061,0.83842,,0.128182
K850161,1.5999703e-07,,0.140987
K875225,2.7866641e-05,,0.163372
K533607,4.3096279e-07,,0.13491
K774278,1.5633902e-06,,0.135315
K798988,8.173541e-08,,0.1965
K612478,0.001137572,,0.160485
K740612,4.649951e-06,,0.103203
K644661,2.363639e-05,,0.1642
K641486,5.2930915e-07,,0.17943
K741977,7.729466e-06,,0.282155
K939461,2.2084727e-07,,0.106952
K746812,2.532652e-07,,0.171825
K636354,5.8385254e-08,,0.24346700000000002
K832239,3.267726e-07,,0.137593
K775820,1.8644177e-09,,0.161401
K951210,2.639523e-06,,0.19288000000000002
K831902,0.000996477,,0.17596599999999998
K997934,0.99455786,,0.139465
K840819,0.000517802,,0.144712
K920124,4.3913573e-05,,0.114827
K632410,1,,0.155248
K797632,0.86761594,,0.154242
K577007,0.000128527,,0.129632
K921205,2.9866552e-08,,0.177393
K564779,0.897316,,0.25265
K839234,1.9292922e-07,,0.195499
K785453,4.4569706e-10,,0.165415
K516647,0.997575,,0.140737
K680036,8.5458936e-07,,0.20724
K829126,0.000506449,,0.138314
K820075,0.99718434,,0.14322300000000002
K803314,7.6531535e-08,,0.253102
K811791,0.8920813,,0.142739
K837754,0.029131439,,0.139203
K740914,0.9814161,,0.15945800000000002
K574453,0.98636776,,0.197301
K681272,1.2392228e-07,,0.16133899999999998
K833225,0.9984377,,0.184672
K971655,0.9999994,,0.121068
K515709,2.299569e-07,,0.161507
K659847,3.5915762e-06,,0.154032
K625336,0.000120495,,0.26200999999999997
K594970,0.000306314,,0.163755
K916315,2.6871232e-05,,0.200083
K594557,1.8082937e-05,,0.154965
K973882,8.920103e-10,,0.129716
K592002,0.12133055,,0.127821
K752499,3.2163928e-07,,0.16534500000000002
K958647,9.342139e-06,,0.128406
K628218,6.3871724e-08,,0.145256
K873498,1.5156612e-06,,0.196237
K661138,1.4192215e-06,,0.19978700000000002
K685375,2.365404e-06,,0.168335
K629207,0.006217768,,0.157473
K586523,6.615338e-05,,0.257481
K524882,0.96679246,,0.145971
K800276,1.6724023e-05,,0.160645
K950331,9.469274e-08,,0.201089
K584761,0.9943211,,0.16188799999999998
K659896,2.2181253e-07,,0.103534
K565316,6.40305e-05,,0.372678
K741724,5.486018e-05,,0.44877100000000003
K690887,1.5325186e-06,,0.131738
K938813,0.37090164,,0.17423300000000003
K755369,2.3328548e-09,,0.12861099999999998
K968689,1.3983387e-08,,0.138791
K850756,9.165476e-06,,0.169694
K695682,6.221994e-08,,0.116041
K843794,4.5475128e-05,,0.161555
K677078,0.7464199,,0.130226
K692670,4.8112826e-05,,0.16928500000000002
K642533,0.000657985,,0.21519500000000003
K779115,6.579007e-05,,0.089091
K545728,1.46634575e-05,,0.16039
K538637,1.8419476e-06,,0.113
K633551,1.9093828e-07,,0.121367
K810249,0.27715874,,0.20719100000000001
K695563,0.000552016,,0.127694
K709162,0.000756793,,0.19521000000000002
K732622,9.694571e-06,,0.166675
K502495,1.3734633e-06,,0.191632
K877405,0.003290852,,0.380398
K570807,1.4910984e-08,,0.16180899999999998
K644840,2.5327745e-05,,0.14805000000000001
K541984,0.002283128,,0.10525699999999999
K627537,1.6463389e-08,,0.111319
K660012,0.002022228,,0.170766
K631841,1.8238353e-06,,0.166786
K958194,0.000527505,,0.15757000000000002
K701637,9.0066834e-07,,0.152933
K623674,4.564687e-09,,0.13428199999999998
K859222,2.0208283e-07,,0.114382
K891895,0.00401481,,0.160912
K791214,0.001753961,,0.14813800000000002
K854700,4.623322e-06,,0.174818
K667624,0.001576199,,0.16159
K856157,1.37221e-07,,0.151859
K500790,1.9439378e-05,,0.156514
K534506,8.0150885e-06,,0.149627
K844039,2.4064007e-06,,0.167778
K894380,0.001584137,,0.13925700000000002
K705518,8.7631255e-05,,0.106173
K564784,0.9997414,,0.154996
K513946,4.9128015e-05,,0.146067
K804459,3.390795e-05,,0.12141099999999999
K667218,1.914495e-06,,0.211085
K645652,0.000622381,,0.180236
K588080,3.229006e-07,,0.164329
K799300,4.439176e-07,,0.198122
K941506,0.009856486,,0.14195100000000002
K766673,0.8981568,,0.15463100000000002
K796571,7.147862e-06,,0.237208
K735172,0.92468905,,0.153114
K848826,7.7285137e-07,,0.180276
K863494,0.000312543,,0.13739900000000002
K715573,2.3587873e-07,,0.10190500000000001
K681717,0.002497777,,0.255084
K684789,7.098484e-06,,0.133324
K856470,2.3501082e-08,,0.161254
K958300,0.99998236,,0.164192
K632996,1.682282e-07,,0.161029
K831538,9.266461e-07,,0.14571
K955080,6.2880524e-08,,0.10047700000000001
K597512,8.0665825e-07,,0.139855
K888527,1.9639925e-09,,0.143059
K900153,4.328399e-09,,0.176147
K727388,8.1453276e-05,,0.115569
K604056,4.0195056e-07,,0.19015200000000002
K800570,0.000887413,,0.169201
K524847,4.9728123e-07,,0.13227
K819196,2.5498787e-06,,0.14049899999999999
K573444,2.8451794e-05,,0.131359
K779687,0.000514889,,0.168456
K899685,1.5289098e-07,,0.17524
K540562,0.000343643,,0.8015950000000001
K638302,0.000152534,,0.112426
K854218,1.7950389e-06,,0.170926
K844939,0.9751971,,0.171696
K775219,0.003160061,,0.17160599999999998
K995580,4.0301617e-05,,0.201346
K656616,0.000171746,,0.118067
K515067,9.454399e-05,,0.181045
K976977,4.5628607e-08,,0.10039300000000001
K917521,0.000192498,,0.157343
K596388,5.47756e-06,,0.146171
K653791,2.12984e-06,,0.088385
K949608,0.000165674,,0.18364
K783330,0.9994905,,0.198439
K739907,0.00026017,,0.15165900000000002
K944586,0.003078014,,0.236816
K949898,1.2912806e-11,,0.120811
K596554,0.000325935,,0.166336
K792637,1.6202624e-05,,0.142765
K574999,5.551526e-07,,0.19303700000000001
K676674,0.9999976,,0.19539399999999998
K530610,8.783171e-05,,0.150896
K531004,2.057223e-06,,0.156698
K816842,0.000344579,,0.295597
K664617,0.02586301,,0.15685400000000002
K666447,6.3977577e-06,,0.08225
K540838,0.6279811,,0.183219
K583211,2.2491016e-09,,0.168012
K528646,4.9329606e-07,,0.15555799999999997
K628409,2.4922461e-05,,0.196434
K838095,0.001416254,,0.11872100000000001
K726506,1.8612165e-09,,0.095881
K882026,9.697854e-05,,0.187939
K554134,0.44794428,,0.175518
K685540,1.0269429e-08,,0.079433
K862467,0.000290354,,0.364446
K591663,1.0399929e-06,,0.122209
K679436,0.93699855,,0.28690699999999997
K876161,8.35098e-08,,0.17427399999999998
K628081,0.000359638,,0.12443199999999999
K630988,1.2628353e-05,,0.162243
K541117,1.2710088e-05,,0.133161
K621700,4.020202e-06,,0.144016
K643917,0.003216411,,0.12172800000000002
K980530,7.063368e-05,,0.13816399999999998
K642830,0.56546783,,0.12806
K974228,4.1083375e-05,,0.233215
K572593,1.0710085e-05,,0.175044
K796802,2.0268e-07,,0.18688
K923986,7.90648e-05,,0.15743900000000002
K885168,6.847339e-05,,0.126398
K608768,0.000312343,,0.866222
K639398,1.9854884e-05,,0.14721499999999998
K570580,0.31511575,,0.19545099999999999
K924376,6.6256405e-08,,0.152482
K749867,0.000360357,,0.150225
K823366,2.2735121e-05,,0.131327
K871120,7.7512865e-08,,0.141414
K840273,7.6153003e-07,,0.137845
K749728,0.80671144,,0.221092
K608723,8.354903e-06,,0.251426
K553721,0.000419622,,0.130252
K518774,2.072662e-05,,0.157499
K801738,0.9360176,,0.162039
K837369,0.9700393,,0.15016300000000002
K747598,4.8995193e-05,,0.140184
K847550,2.725682e-05,,0.129114
K532157,1.4506314e-05,,0.13658599999999999
K840633,5.4018245e-05,,0.16437400000000002
K639822,8.269687e-06,,0.159283
K643169,2.9935736e-05,,0.170055
K888866,1.0669959e-09,,0.129046
K596439,0.00052686,,0.201718
K954656,5.5388664e-08,,0.16113
K720469,2.7347246e-08,,0.139934
K810516,0.001056196,,0.164193
K688801,3.2692068e-07,,0.172204
K731117,0.34476998,,0.172184
K708258,0.000129717,,0.136109
K504535,0.007567462,,0.180346
K554673,0.88978297,,0.177783
K928773,0.002150792,,0.107559
K807342,0.000129684,,0.215278
K989180,9.568577e-10,,0.18488100000000002
K523923,0.59292656,,0.20596199999999998
K643238,0.9168979,,0.174793
K550375,1.3434618e-08,,0.174408
K915523,7.124078e-06,,0.12745700000000001
K949854,0.000166415,,0.21068099999999998
K975769,0.000403725,,0.118534
K599643,0.000409903,,0.165404
K637977,0.003490579,,0.26399799999999995
K837230,2.3962555e-05,,0.138104
K606433,0.46875596,,0.144206
K927419,0.001721357,,0.14383700000000002
K808449,0.00078644,,0.11558700000000001
K764149,9.0399516e-07,,0.179554
K823481,0.004847703,,0.159507
K562973,0.976101,,0.19899399999999998
K590087,7.260078e-09,,0.17974199999999999
K888162,0.35160938,,0.094239
K987214,1.2133982e-05,,0.15620699999999998
K956537,0.058829285,,0.179914
K978520,1.0192878e-07,,0.113869
K840320,0.12847793,,0.188419
K680734,4.6310274e-06,,0.151283
K582528,0.99776053,,0.16015600000000002
K975153,3.5351557e-06,,0.134487
K802558,0.977762,,0.168033
K900616,7.133883e-05,,0.179502
K779392,5.6545775e-07,,0.16639400000000001
K947277,4.8997714e-05,,0.200916
K888520,0.045867182,,0.145804
K687794,2.7764718e-06,,0.116241
K813825,0.14193195,,0.585446
K548779,0.9990688,,0.19905199999999998
K613611,5.75525e-05,,0.143531
K554225,2.7573387e-07,,0.11944199999999999
K872291,0.000361834,,0.149363
K762123,1.864835e-05,,0.127585
K588314,0.000195122,,0.12234199999999999
K826807,0.000431602,,0.163502
K982731,2.717683e-06,,0.12748500000000001
K623037,0.000429078,,0.20582999999999999
K883413,0.000838966,,0.110151