id,average cost min
K751808,3.130709006343446e-07
K837351,1.658733631134568e-05
K548114,0.000452212234465176
K736156,9.051270959144792e-08
K508080,5.136737351343322e-05
K823422,4.96586926848554e-07
K912220,0.0004599602043846995
K917925,0.024574339687473773
K857768,1.4026578576965398e-06
K733855,2.00206823160183e-05
K530927,1.9575362147837133e-07
K689281,0.017127803277149228
K779910,3.306192639143658e-05
K696152,0.014527997743602085
K984423,1.1863825822353963e-07
K521601,7.70127722801672e-07
K805248,0.01827655475030572
K896458,8.31218877157304e-06
K802487,3.726233662754745e-08
K619527,1.5155410362483517e-07
K653124,1.3775493824891269e-09
K977125,2.016356734297155e-06
K885860,1.3969745921036528e-06
K669676,0.033926057578407345
K915073,4.657905858867187e-05
K632791,5.056061668544243e-06
K815141,3.672690738025914e-05
K867693,2.842565038923945e-06
K961174,3.4511944323819e-06
K688992,2.0919718657388496e-05
K547786,0.00012453719102389115
K726310,0.00011227619807045893
K963760,6.959064803498326e-12
K926609,8.508753950029969e-08
K884651,2.7587712127927665e-07
K644620,0.0158307321459363
K677219,7.589855972324284e-08
K725038,1.9019608733857123e-07
K884425,2.0830780247655748e-07
K891429,0.0006708429637733628
K838479,0.000270313910604574
K526004,8.230591435864595e-05
K763596,0.018616764745408295
K990929,0.038539186595999995
K954837,0.020198382075809717
K718970,3.2102622117568474e-09
K888726,6.132083268926052e-06
K994955,6.449116748604394e-09
K633153,3.895221878941395e-07
K928121,1.7321054623709624e-07
K953945,0.005659730425115094
K709629,2.5023298371034444e-05
K694845,1.191143682912279e-09
K963281,9.556612745719327e-06
K874326,1.7933075464547935e-06
K641920,3.9950252968844835e-05
K890217,0.02642131999958914
K548035,2.6224625162943726e-06
K723452,2.0258092086798156e-06
K948363,1.182990054590094e-10
K820239,5.660777527593478e-05
K896590,0.0004176991257515154
K932037,3.524496582298467e-06
K937754,0.00034839111465623024
K774408,3.971467741824263e-05
K539470,3.792745411413512e-08
K518293,8.260346358204013e-06
K786774,9.70153921671213e-07
K720003,0.0014369359880077124
K609473,1.9003195856376695e-06
K982436,6.837870692476602e-09
K614020,2.2476887071661917e-05
K874108,0.009980719152681655
K977085,0.00036284914731998086
K947599,0.00045636085362735066
K888551,0.031090814961750007
K700222,5.174904769226619e-09
K674517,1.2072162298265013e-06
K951596,0.0017355429084226293
K834937,0.024829518117362233
K855476,6.894765521188114e-08
K833208,0.023196211159081194
K763287,2.0713370726702846e-05
K503978,0.0002443817551036987
K591416,3.204128325495785e-05
K558625,1.331566181407623e-05
K613758,6.889901713422554e-06
K651230,0.026342975927899137
K813321,0.03698991976495752
K604105,1.202858243131524e-06
K877024,0.029883761227416487
K984122,4.951874923822149e-07
K889986,7.594112748201094e-06
K794185,0.01404273400003519
K557118,0.01995615839783398
K914279,8.056845593646046e-08
K661078,0.045650846590253175
K693776,3.5266822248579993e-08
K534207,8.886717013522477e-08
K877484,0.01832008699864944
K610918,1.2352415943701572e-08
K575118,4.5737111801338145e-06
K781836,3.6493585670272436e-05
K740446,6.722226270303921e-05
K777229,2.5277729592671685e-12
K645863,0.006334602615782522
K975623,0.02816290763096636
K973462,0.00020630981881134791
K754902,2.8637699252470063e-08
K602728,3.9160241232229254e-07
K527217,1.2367441733031157e-07
K536045,0.03779093717770215
K648967,1.9372351859111496e-07
K794589,5.882674484670638e-06
K626635,0.005114602659525612
K920875,1.6369701350170098e-05
K987278,0.002769212094646818
K834490,8.501235256807013e-06
K798363,0.22188109561381517
K907249,1.205452174211099e-06
K686713,1.2194408050436052e-05
K955872,1.8988357445620588e-08
K984811,3.133138732360624e-07
K676484,5.466584656728833e-09
K876097,5.345149842824594e-08
K738209,3.759499777489853e-09
K995912,0.0005435373628093363
K648054,1.8648453194456828e-09
K970986,1.528163031175982e-06
K688465,1.23512270621868e-09
K618821,1.421298856223909e-08
K517990,4.6092783601768316e-07
K650218,4.643065468785271e-08
K573337,3.974504965476162e-06
K939159,2.0168834115927072e-07
K662189,0.00018760379860251024
K608686,1.3461941122519078e-05
K524468,0.016235361868985835
K644051,0.0002614763088246593
K856737,4.074052692536255e-05
K546575,7.730882050651741e-05
K984464,1.6205165600907e-05
K776034,2.378810863215192e-05
K663765,0.0012767155519264797
K848337,2.838991881157435e-06
K921077,0.018546301417400057
K972618,2.2823271901701683e-07
K594517,0.00019548963444677636
K808518,0.005112599631938159
K544136,0.0007146195601111573
K687788,4.85350431098182e-09
K871344,1.3900971597287545e-05
K669598,0.00027779149954472476
K755360,1.0647802062108017e-06
K949342,7.258712554716945e-06
K976992,9.123381879755533e-08
K637949,5.047296058255324e-09
K518995,2.4031611976554893e-07
K726877,0.00014391744459638366
K960270,0.0004358191766839734
K640917,4.971752891874634e-08
K513072,1.612574384164669e-07
K502427,0.0228170436752474
K598923,2.1485834781861512e-06
K935230,0.35821828986888493
K844627,7.195912673813337e-06
K722310,6.119645567726459e-12
K621204,0.013407458987355762
K519636,3.2833210761324824e-05
K512650,0.00010824116464642309
K528735,0.00016041076240823105
K936595,3.6156467857566746e-07
K760157,1.1446666893794555e-06
K913520,8.271507086941198e-08
K973737,1.3315410632228743e-06
K601120,5.052388227928981e-06
K585097,5.430134209561331e-05
K804102,3.2965140107942076e-08
K991376,2.0973867520435653e-05
K656320,1.3478415781303083e-05
K626435,6.733712702186162e-06
K662122,5.913122047033205e-10
K647819,0.029645061824999614
K952181,1.4097174132054474e-05
K768115,4.749988784074226e-06
K617950,7.365889719261786e-07
K967465,5.714819920697597e-07
K511776,1.5000716789718042e-07
K992718,0.0005414110719841178
K982915,3.675375327887309e-11
K796444,3.632037005259228e-08
K523610,1.3314891229798255e-05
K901596,1.023724456883592e-05
K972682,2.248364596597185e-07
K777234,2.5514564239911445e-08
K813890,0.03425342161545052
K870464,1.856670654515522e-05
K610806,1.3225426526620824e-07
K819293,0.022158680441383263
K543895,4.322149907974835e-06
K898745,9.313150154376053e-07
K864139,4.709156035023867e-05
K599416,0.0011509709044112142
K994750,5.033803499270295e-07
K930746,7.822464704030224e-07
K710171,1.0984627078745421e-06
K845754,2.816508260301147e-08
K967305,2.8622140998803143e-09
K643845,1.1653248839075323e-06
K932627,2.4225567975576363e-06
K979445,0.03181366395851855
K728236,5.295825879655471e-07
K808239,8.623278023228433e-08
K501879,0.024841568513439667
K926895,0.00022946862023360233
K542969,4.350446169600369e-11
K564321,1.3524083496303843e-05
K901910,5.7488155650629226e-08
K908190,2.174138272418186e-06
K746181,1.2504562647398466e-05
K567858,4.088491001305374e-06
K656264,0.04113932070482307
K757252,1.2628530260203518e-07
K705885,3.039764562351584e-07
K876878,9.544343646707383e-07
K591956,1.8396597271114075e-05
K623325,5.681442707877754e-06
K651257,3.9694932067824746e-05
K725017,9.592250968322447e-10
K759401,2.869061799583613e-10
K605579,7.577588811917656e-06
K645478,6.453047739567188e-06
K695855,4.9774479887983594e-05
K739017,1.369616437833786e-05
K531266,5.292122616283418e-07
K734826,2.8400983229300906e-09
K818398,2.7295578152047927e-06
K539458,1.5739741919203173e-05
K883015,3.2502520257827e-05
K600387,3.4366859097409223e-09
K931922,7.172660548739754e-08
K860268,0.023810757260419448
K591685,3.155133378071249e-05
K958581,3.431255960665574e-08
K858260,2.9562256681045025e-08
K718111,4.326379473352456e-08
K943104,3.679648827217897e-06
K704648,1.0669554860671954e-08
K523722,0.00051956082867081
K563485,1.3856008319304378e-05
K843194,1.009798610551012e-05
K618673,1.1453077441296685e-06
K936399,1.3416288892438801e-06
K645649,3.9316322261091076e-07
K943424,1.261103826078521e-10
K955596,2.5293530568099027e-06
K585307,2.3781758733922505e-07
K869468,0.0015278867710804534
K982970,3.500707320799674e-05
K586845,0.0014876636389121603
K567108,8.212352552489561e-07
K624848,6.306289822995759e-07
K728058,1.4299933453136036e-11
K679871,2.6985632917053047e-06
K606890,0.023103693789489323
K971949,2.349655555885814e-05
K930969,3.004340632910054e-08
K610802,0.00965577166640462
K549353,0.00010532956339569421
K546650,0.06034662574314367
K715365,3.609728272757838e-06
K994503,0.014995671758886662
K676785,8.903353677885978e-06
K836427,1.428881993475383e-07
K621061,1.8536572261423513e-06
K601568,4.465900694658399e-06
K508949,2.2813358517516848e-07
K990819,0.0005191030474200807
K688605,3.984917192218973e-05
K778312,0.014537021420016482
K522355,1.25445678766722e-06
K691093,2.1309500080823633e-06
K897580,0.00018391438881918453
K623621,1.0558176152418218e-05
K559649,2.5241794426483887e-07
K920771,1.97845727112858e-06
K572234,3.1189450250348163e-05
K885891,1.4173318627261697e-07
K505001,0.028993995865990278
K822326,0.0006183053993828227
K938343,3.3661429818292456e-09
K775249,0.026325093393368415
K996316,2.924679370166322e-06
K714781,0.00021162939444060056
K557159,2.554195626088906e-09
K509204,0.014716615956524104
K503350,7.940828951326838e-05
K767242,0.02105218118347716
K652827,0.022766348297951704
K691483,8.012882489761699e-05
K935259,3.1799834137720245e-08
K852248,2.594013803498378e-06
K647041,0.0003248908386937523
K967634,0.006474399672023645
K652033,0.00012423649841092062
K519147,2.607218673253922e-08
K668690,3.288152405158636e-06
K787255,1.845359804681873e-05
K595493,0.0002711557411563804
K817499,0.019147371868611974
K813066,1.2104345533820018e-05
K553647,3.301129678439314e-09
K569342,3.3529061651953163e-09
K622477,5.9512000456309636e-08
K643255,3.9428608704557166e-07
K757598,2.538510311155897e-06
K854725,1.321231430904696e-06
K989364,6.510496069223337e-06
K762052,0.0001582464207398692
K997967,3.4021194683950637e-06
K767521,8.001335497058261e-06
K556948,3.69703684113726e-08
K568814,5.091157649418849e-05
K811353,0.047401669140734924
K648248,4.925299876375684e-06
K855187,2.123348349522712e-07
K784749,1.1197496892873438e-08
K798139,5.5174024600366985e-06
K793954,4.228818531010958e-05
K779267,6.261739410005517e-07
K502411,0.00015820270804037899
K800259,2.7241246302843145e-08
K630264,0.012899490482898505
K827994,0.00015975230295223975
K839449,2.7256624486225787e-08
K834586,6.916329319198625e-08
K939793,1.6900846493682378e-07
K871238,4.313646586997724e-07
K759608,0.030752360166265473
K868913,2.5925153622678594e-08
K553379,2.9616500355138635e-05
K521464,0.0017159803910547634
K852146,4.5651032108956463e-07
K770979,1.115857677344543e-06
K604238,0.02763231685237468
K923984,5.847406444996478e-08
K846214,2.0695050635728846e-08
K721909,4.185200678114267e-09
K629007,0.04190172827932148
K787575,0.0014244538547003825
K871630,7.679441881573428e-07
K775750,0.03702118006601726
K540860,3.245664899197344e-08
K722922,4.3989977051623216e-10
K641285,1.1900162571258694e-07
K962930,4.2341222694822864e-07
K938744,0.00032182736098171474
K951154,1.1133476700267664e-05
K887865,1.1976020224286195e-06
K768039,9.07856731948182e-06
K596883,4.486610176368803e-06
K596179,6.088497656060138e-06
K832650,3.970724620116864e-06
K524802,3.4903731991520255e-05
K968321,1.818055874740422e-06
K861951,4.474904018277488e-08
K758568,6.508130071457216e-05
K950802,7.41058949501132e-08
K849268,3.1948159871501304e-09
K533898,4.4752893786401015e-06
K963371,0.023600359283439818
K793538,4.02575417557891e-06
K722593,4.841350079961638e-07
K518280,0.03396835957350299
K540617,0.0002849421829881363
K751757,1.4527823298460744e-08
K543278,1.790874345389737e-05
K815718,5.309694774451369e-06
K562792,0.2298075639490306
K687240,3.4982955348275462e-06
K710144,0.00010487034164003995
K983300,6.134034627617169e-09
K830974,5.48398111461605e-07
K980200,7.727356946949614e-05
K649119,0.0033472320394074087
K863933,0.008079905197765705
K790731,3.8378326763705114e-08
K794658,2.631220098115886e-06
K662151,0.00031956224681881464
K613717,4.771572312514422e-07
K714262,2.4517790633681657e-10
K588653,0.0026320623882855904
K690971,4.118131898128816e-09
K572787,0.0043649167755055495
K598829,1.5707072038956502e-07
K713837,9.332194961381576e-06
K527095,1.2213295141732004e-08
K821099,2.0808867046361684e-05
K555415,1.7398318948064204e-06
K881809,0.00018206946270538113
K595326,0.03317136894466458
K770205,3.493282543128854e-05
K567039,1.278425699114448e-10
K914520,1.1580402787741798e-06
K560743,2.8975554155653417e-12
K788676,0.02391815436371301
K646695,1.3894868502525845e-07
K723421,0.01579018229747647
K581149,5.223749052078448e-07
K687525,0.03269417526739974
K513591,6.123935014643997e-05
K610454,3.7245324095999854e-05
K918063,0.00022441726490424717
K521029,9.776702707689647e-05
K579294,1.26580525811983e-06
K572606,4.093850707644195e-05
K510023,0.00014176307538853777
K917159,2.600879572674809e-05
K949032,9.488315741528095e-07
K857436,2.873056095748566e-05
K981942,0.00016050740122999506
K748643,1.955310327425201e-08
K944091,5.8379298257942614e-08
K765339,1.095225061749533e-05
K764171,2.212797559614785e-06
K685617,8.994816738288196e-07
K561257,0.0005780822402718645
K528195,8.906734395435633e-06
K939228,0.01937953703877548
K598565,0.02011620335067642
K660156,6.599710147396527e-08
K552858,0.010519309117161969
K619642,0.004550399929124229
K540001,1.5712379624069945e-07
K923026,0.016555792859003795
K973150,0.029696948840238612
K584919,1.1375366672579421e-06
K576994,5.271311921201657e-06
K656308,1.1434999149775124e-05
K745835,4.085768029847241e-06
K584342,0.00045274333834468254
K743821,2.8749019428877915e-05
K592757,1.2577744412396366e-06
K834275,6.356506570820512e-06
K562148,2.2206057046457995e-05
K755386,3.2548403394047886e-06
K592628,5.651469219625738e-06
K753381,0.04168546891782261
K580586,0.0704928606936581
K519062,0.08129753886472386
K835505,4.4264432748342205e-06
K529647,0.0001764149806456646
K513570,9.534842961551472e-09
K805433,1.5255994261574745e-06
K922447,0.07119312145323395
K780998,1.9189652252297592e-05
K571083,6.170506880938218e-05
K692221,0.00016497461461038588
K600473,0.024079507436443565
K648642,6.953823298972939e-10
K577507,3.593086062035354e-08
K909148,8.976656487598665e-05
K908247,2.808398822346995e-06
K560302,3.123111886142414e-08
K638294,1.6027739175632675e-07
K525408,1.6867844439610942e-08
K569333,5.085185043711594e-07
K591688,5.716565164805671e-09
K788691,3.3289843407813804e-06
K663118,1.6604227648721355e-05
K925362,0.00019376106129959222
K513720,4.9796902441878495e-08
K943792,7.38290749034097e-08
K669907,2.4049864403281358e-05
K785528,0.03724126450121284
K915968,4.295322254326545e-09
K774462,9.809935161873861e-06
K920721,0.042258660969481124
K958916,4.462371034002609e-07
K876814,0.0006413885785656755
K680315,0.014704485652478397
K818523,0.0002536483251036279
K684169,5.887227436628882e-09
K752178,4.307967249978468e-05
K820484,9.41024118320641e-08
K742310,1.3717100993739115e-06
K800682,7.351134576892933e-05
K599711,8.064556557301385e-07
K525832,4.9361110722756285e-05
K739477,5.669444578562205e-06
K904715,0.00017402772584560128
K644796,0.0003241855363590916
K932107,0.1229458724625875
K911392,1.0291740394905263e-06
K851544,1.1118893900229154e-06
K799660,0.01771555406920196
K954796,0.0033052067224812643
K844624,3.4690431330785414e-06
K633358,9.576261622135629e-08
K992171,7.1996020346625534e-06
K938994,7.615374532338733e-06
K949451,0.00028900586268041154
K642423,0.013302029022730099
K853557,1.870356298677158e-07
K534393,4.5830374065956915e-06
K756116,0.03453999451693018
K817893,2.1408486663843772e-06
K848552,0.039579948027968666
K885199,0.0005304530908749186
K911798,1.1502769782008808e-06
K703280,8.91007379642474e-08
K678385,1.7752044399225375e-06
K814131,2.706315194729987e-07
K568744,2.506936569085121e-07
K971212,0.0019337488720965448
K553223,0.03561610846715048
K704065,2.2698267832499585e-05
K873557,5.408239139373618e-07
K712991,4.4206339309938506e-06
K675657,2.3644043379224372e-06
K940687,0.000199871077796867
K554120,1.2293502602529654e-05
K633716,2.4736730057784566e-05
K518979,0.0005552459198943692
K796883,2.7464283249909305e-10
K920879,4.378179045054276e-09
K769123,2.0598572563938217e-07
K581882,3.494517791105387e-10
K615912,0.0002825774891526521
K712964,5.460835229344003e-05
K780646,4.279523199445169e-11
K880249,3.500975681313133e-07
K973946,2.0098111759763882e-08
K903743,6.472406710498094e-07
K944460,2.6761467934452796e-06
K680671,8.622008266320261e-09
K785735,1.9512074064446504e-06
K791216,1.1834941452552972e-08
K659950,0.024153924297759786
K901874,0.0030237860058433923
K961455,7.3594069929796625e-09
K798670,1.5978333808228802e-05
K656186,0.0006944827128179513
K964330,0.9564080772416167
K634986,2.1500685801751082e-05
K960273,1.6599229227861052e-07
K530780,9.00099872384868e-06
K755942,1.0212530701216649e-07
K769465,8.66569883964641e-05
K871681,1.1955885580642433e-06
K871808,0.0004949689157683667
K995362,1.449981144726166e-06
K876565,2.517248444937373e-05
K769922,0.027614802164134526
K769396,1.1814555655218677e-07
K500831,8.39158005597606e-07
K867875,2.3016392069137285e-07
K563637,5.791914796573467e-05
K689011,2.333743020745207e-07
K798567,0.023864013488290925
K535695,2.631432899935422e-07
K718694,0.024270578691538747
K740367,0.0003537482153472721
K902234,3.6008911658772535e-06
K973579,0.024470767859381116
K787278,1.0146544476150079e-07
K773256,1.7063913573284618e-05
K640679,2.1732867726624472e-05
K943836,4.900779627668889e-05
K836910,8.147832988484145e-07
K643508,0.032851663703471645
K901081,4.157726472753039e-08
K569887,0.0008682532644591409
K890255,8.981798986756539e-07
K745495,5.2362093476947304e-05
K690486,4.702194190752664e-09
K827671,8.773701637595807e-07
K760967,1.4761209090478005e-06
K814474,3.398378943562857e-05
K920627,1.5144992597122763e-10
K733821,6.02042352870665e-05
K667368,6.85339068425535e-08
K761140,3.4623566435426077e-06
K824914,1.1920386251290455e-06
K541771,0.018424649860014852
K854319,0.0176444539102113
K734151,5.547741554850424e-08
K647080,4.802746550062628e-08
K525641,3.427953754418185e-05
K563143,2.8756863792422757e-06
K598644,1.0206808920789367e-05
K804583,9.36119224023817e-07
K886430,0.05065834557709477
K997155,2.1410252445273866e-05
K625788,0.027479285674238615
K592916,5.2094390536750155e-06
K784198,9.946009003201905e-09
K799686,5.67306241929267e-06
K775675,3.7294799155130396e-05
K878453,0.005482952338356972
K843976,4.0383477274778165e-08
K816213,1.2545177349483897e-05
K765007,8.174798259082901e-07
K634697,0.00012730107551235583
K909940,1.3680141270391928e-06
K685703,6.064363517095874e-07
K662365,8.838432894450499e-08
K523540,0.014218781727919077
K648784,1.8273811608609636e-06
K914990,6.273425796832288e-06
K732644,1.3579185218699835e-05
K998294,0.022830101169359993
K941936,8.095561889604284e-10
K674869,0.0019021031088262649
K952256,6.289349579340265e-06
K624702,7.665945232879134e-06
K744174,4.285646841259956e-08
K873132,3.6213897150869672e-06
K864047,0.03616803910629663
K566651,2.4186345638980072e-05
K737306,4.344759211244967e-05
K880959,1.2981140608300053e-06
K735931,1.2751064745318274e-07
K928319,1.2665759933410783e-07
K931360,9.481874644177034e-07
K757163,2.840156885576072e-05
K893423,1.1916642527684833e-05
K761153,5.708584690098456e-07
K596068,4.18801021806841e-08
K600750,0.0364452602727632
K678135,1.6209891996779002e-09
K754669,2.485190920300332e-05
K989362,0.0005498663621136086
K869764,8.499194255187651e-07
K818930,0.03230168451482204
K962418,8.210860731663289e-07
K922814,1.198464158116873e-05
K508106,9.66929261177694e-08
K504622,0.353483158224442
K643277,0.030849412413592524
K607861,3.4768044673448505e-06
K734993,8.987857907547057e-07
K712858,1.2871621933058872e-06
K932872,5.046369758050386e-08
K897473,1.3220491390130665e-07
K823870,3.325737297854231e-05
K858762,9.261338530448648e-07
K672507,1.996583547088113e-05
K522864,8.935847610931705e-09
K992574,1.7080106518702709e-06
K661083,0.003835090205719848
K776220,0.06584286211599708
K875363,2.0075138215886543e-08
K563177,0.0001411003533254283
K668161,6.254965857363538e-06
K532379,8.966736264286076e-10
K646382,2.5618133991969802e-06
K626895,1.8719058175893238e-07
K811434,1.225688375332518e-06
K808246,6.276604465635419e-05
K537135,5.05497093493269e-08
K502949,3.4285373145195437e-06
K892620,0.018062420640211435
K851330,3.477687035374488e-06
K952806,1.507304921522452e-07
K669263,0.0003829291847535354
K983307,3.340168331703999e-08
K988928,4.651067494547462e-06
K973480,0.00020439948522569254
K651368,5.50115936069092e-08
K840636,9.100941536496928e-05
K583855,4.308334874398062e-06
K726300,0.004515359838474808
K724545,5.120705733962429e-07
K503578,2.9665907241918867e-05
K540637,1.2958812613637776e-06
K564094,0.000207608120568513
K667878,1.7858807449854913e-08
K775177,1.5424180686652786e-10
K791557,2.474916011811874e-06
K730613,0.0014839097798273505
K539016,0.012177959232260912
K510460,0.025744376778927047
K783745,2.0626037256938066e-06
K736518,1.0572609294534975e-07
K905924,0.018539865694007666
K929657,9.168150195308863e-06
K817130,1.7525266683717152e-07
K639015,2.722744281383416e-07
K992047,7.219467833896832e-05
K718265,0.019766780155132006
K716445,1.3192310519055e-06
K808455,1.9737051959453097e-07
K533414,3.9277983703814434e-05
K929522,1.2365405510942245e-06
K818783,6.046467824689862e-08
K852270,0.0001375893037339568
K523241,2.1062836877907293e-06
K820740,6.03994761846976e-07
K655603,1.2744902548932344e-05
K759657,3.346405063998636e-08
K702169,8.733981932153637e-08
K728838,7.461961571772462e-06
K911699,3.102465064176204e-08
K792183,8.194338046516721e-07
K566585,0.028423894384546563
K869881,3.155535171454286e-05
K951518,7.978932948423738e-06
K851266,5.709951638679016e-06
K756895,3.6052356555120374e-06
K992955,8.12137796284272e-06
K806907,2.717528987927448e-05
K901740,8.465727869714968e-08
K619062,8.929734067866752e-08
K667415,1.2464735780360097e-09
K652671,1.246826031581223e-07
K599211,4.9496133926745645e-05
K744701,1.9994352346863764e-08
K781267,7.24528132179173e-06
K513346,4.094051344441146e-06
K786188,1.807238431546837e-05
K799596,0.024301449396717967
K861912,8.560109478316462e-06
K645946,5.704601306693802e-08
K900163,1.9735367873359467e-05
K551473,2.0241222915051348e-06
K816700,5.5619432234091764e-05
K617021,4.806951647662419e-06
K546693,1.0251482621704077e-06
K514237,1.731470880848022e-05
K817299,7.444105843217141e-07
K964837,1.0305275949259205e-07
K964792,3.1743236814332885e-07
K952979,3.0234573262709728e-05
K910241,0.2979311907561912
K750363,2.07952378206092e-05
K598640,6.954140763342285e-07
K932150,1.3353969147121066e-09
K770170,6.296795542160681e-07
K828892,8.718862329720268e-08
K937890,0.006640664314898746
K911450,1.5465487486495235e-07
K964409,3.5040140841026796e-07
K757959,3.594613152627425e-07
K533799,4.2964399287842394e-07
K703647,0.024396133128061936
K937588,0.07041549130535063
K855049,2.07355445170717e-09
K803111,2.275476593854018e-09
K648682,0.005157374791867647
K674012,0.019919847036765755
K775112,4.2782442956054237e-07
K694917,6.468892873396025e-06
K697339,3.98373343392845e-05
K820134,0.02212596423874747
K980762,0.012335940572451966
K771421,0.00023763748024311745
K509365,1.2352519007964494e-05
K956244,4.197730890691533e-06
K536022,0.001043575759834196
K925535,3.667972300791042e-08
K662328,3.978122746661133e-08
K911236,4.687874992201275e-07
K515040,1.6901133868003947e-06
K528757,7.990875952727595e-09
K695548,8.123274286552574e-05
K860565,0.031197026331511363
K536210,1.527905583880107e-05
K735057,6.1998183610710905e-09
K655599,0.02081503919338789
K942197,2.145446570572764e-08
K742103,7.088306111398525e-07
K768979,3.7898294891617076e-07
K661099,3.3300291490693084e-07
K869450,8.15951017857876e-08
K876687,8.91899029316421e-05
K612342,6.4117541812768475e-06
K932902,3.453355261239062e-05
K812965,8.300490809117484e-05
K974223,2.4302212285242604e-07
K926722,2.8562811687880418e-08
K928632,6.887913914218948e-06
K515665,5.5889059786150355e-05
K953566,7.034353932872317e-06
K731815,1.9909920148259166e-07
K830649,7.103339864617051e-07
K927405,1.0521045593003837e-05
K524421,5.01813826660446e-07
K530642,5.166255301428195e-06
K582150,1.78373521424514e-07
K868263,3.7051147191246447e-06
K728098,0.0004991613110217041
K597988,3.3268456917634253e-10
K643771,2.972617056033313e-07
K743619,0.017167649357151336
K503690,2.7367207565365284e-05
K676706,1.8903958965674376e-07
K923282,2.5296910645669737e-06
K989868,0.026798859801842177
K533080,1.885533734887508e-06
K502266,1.342898178153495e-07
K618619,1.6781714804297658e-06
K954096,4.381518303429488e-08
K646984,0.026892947924740788
K789352,2.8110350730949177e-07
K759585,0.00024181845288042937
K918978,6.836678480115091e-10
K722790,4.850953920217464e-10
K767227,0.006027780497801996
K850175,0.02005175491974069
K522505,2.2011558434310897e-07
K904953,0.011633106814937339
K716038,1.494002235408563e-10
K724786,1.627421327697742e-06
K815295,2.588121001417409e-08
K769062,0.00025587321855435126
K526535,0.021788574754737087
K962967,1.7984392087944145e-08
K768869,3.1661410919000204e-07
K910413,1.675352382655618e-06
K745364,0.0002903234257133157
K977528,1.71829146092507e-07
K633824,0.004445980093075879
K534441,3.7642045618149755e-07
K819818,1.2393453994751931e-05
K925703,7.844827160574822e-07
K980869,1.35732178406086e-05
K719274,4.661810990162484e-07
K978219,3.0100499821215324e-05
K648770,1.941811257191319e-05
K609989,3.123431284784265e-06
K874759,6.106969355067212e-06
K916676,0.01568557799970062
K694226,1.6316993110302438e-08
K743551,6.759277844081737e-07
K573724,0.00011281115698325222
K737396,0.018057910013607625
K778971,1.892598184460699e-07
K906475,0.00016234554249532
K924417,2.1296562596638364e-05
K846562,2.703090420319574e-07
K595506,1.5066470024065944e-09
K531597,1.1764154179480535e-06
K542081,2.94460750350623e-06
K705533,3.974017541602415e-08
K834020,0.03044648243039561
K745035,0.02876029863760864
K613224,2.7442141027279833e-05
K948335,3.2895286918773065e-05
K561499,0.012548759808964484
K977416,4.4008958728242446e-08
K891626,1.4694979890674807e-07
K635366,6.431379791945202e-07
K915767,2.0920065951574816e-06
K664787,0.009501705479136965
K788186,0.0225270081
K681193,7.812895295695724e-05
K864918,9.850781785442523e-09
K750554,0.00995222125204978
K537626,4.2184236600588596e-05
K721520,1.497879851151229e-05
K813526,4.310462217006306e-06
K995947,0.0002774943471090612
K975022,7.033841700845954e-10
K830692,0.011687995239129507
K787431,1.306706250278804e-07
K969994,7.740405542081853e-08
K930412,1.1372730483548791e-05
K961199,0.018040394375535024
K839559,1.1532520361582962e-08
K619077,0.000718117848361709
K685016,3.5602420455461042e-09
K854630,8.386602912586739e-06
K847855,2.9182843230480872e-05
K828409,8.651119145274353e-06
K626736,2.5221398009588938e-05
K866742,0.010442194614743877
K697878,1.798866010936798e-06
K756645,2.997389466152059e-05
K557121,1.330057904706887e-06
K911753,0.00028147096466841316
K904584,1.0049420605440332e-06
K893656,0.0011114113389223274
K872604,7.826857272000044e-07
K684965,0.0374816989116586
K942847,1.1100614003942184e-06
K512449,0.048214047964971814
K900514,4.920234293528259e-05
K532683,0.00044479747423012916
K626543,3.9686437137204847e-07
K503939,4.998870766628009e-06
K646917,3.4223400799620597e-06
K982680,2.151249418761163e-05
K566467,7.654101886241637e-05
K763292,0.0004908254327146707
K559087,4.161445379083145e-08
K513761,4.705545190132957e-06
K814285,0.028560439504094606
K980659,3.8901133460929224e-05
K817755,3.71173133311154e-07
K634875,9.058560849625737e-09
K926513,0.00017126738269018874
K628969,1.116395195799012e-07
K693827,0.010013398270597081
K945380,2.2510199686913976e-08
K737172,6.450944306301481e-07
K650610,1.7279420828532307e-07
K740736,3.366819955499324e-09
K908994,4.02157773662525e-07
K597065,2.842015566767757e-07
K562262,0.0010597769314725609
K814728,0.015276584841957094
K972806,1.4452761476083036e-07
K933430,0.016052316379993898
K855778,0.0001451831498378625
K508320,1.513213970596591e-10
K946689,0.024737368951507476
K891889,0.00024303092784583956
K559293,2.7409381665311668e-06
K707984,0.0005478057681236087
K566345,7.081732063228373e-07
K710404,2.1929699039531514e-05
K636743,6.925317524693467e-08
K843965,0.01760418697645901
K757164,7.655470633629867e-06
K967604,5.563625501803135e-07
K550108,1.573925883150099e-07
K938748,1.163248297169292e-06
K970546,2.659292556205914e-07
K776925,0.017437649993326306
K930956,3.3019070181083804e-09
K964920,7.4039861064772946e-06
K558923,0.06973182796542025
K916740,0.024311869006921
K945462,0.007604439313152727
K800136,0.03259615435853628
K841803,1.2728042719386618e-05
K754248,0.025261101838353874
K667164,4.3252774650842806e-05
K949543,3.3489256419458977e-07
K580182,0.005797754800816864
K621291,1.0751220656314383e-06
K698429,9.977598131390933e-06
K999466,0.007337600174473266
K902573,1.5518314498338216e-05
K937468,0.031798226713856126
K517925,8.219486916437744e-08
K912905,5.1205334587168245e-09
K683234,4.765486243110623e-08
K755983,4.5803043178846195e-07
K508962,0.01728401284616931
K754793,0.0023222010687201622
K743107,1.5089873882762175e-06
K679355,3.585423826883795e-05
K925544,8.233283640619408e-08
K821009,4.451569806950748e-06
K541933,1.9998068164924714e-06
K533037,1.802629455759735e-05
K747778,0.0002070632125264406
K698255,5.128587401827462e-07
K810857,6.294363594614825e-05
K618408,1.283188774189314e-08
K849881,7.611050850762749e-05
K939066,0.005550138569874245
K985449,7.590453858709493e-07
K509878,9.20269241624195e-07
K825337,0.012591368085280047
K564508,6.710741688158487e-11
K644595,7.182075362868955e-09
K681783,1.716839785154226e-05
K956451,0.00069625949495128
K649426,1.6649650208661397e-05
K912742,3.1219416655803975e-06
K741894,7.214918278579975e-08
K744492,0.04002252041840621
K880758,5.071976337637006e-06
K835312,4.3131496947793663e-07
K949559,8.37403027188512e-06
K768210,0.001119679110451639
K729866,1.090194880872201e-06
K973245,8.990370715712586e-05
K636236,3.557078278854763e-09
K731537,3.7462566427667155e-05
K698336,2.3130864323011976e-05
K939844,0.023534888697193185
K653534,1.1022662832613357e-07
K553977,5.8484374052212663e-05
K740478,2.564490030407301e-07
K504210,3.545434476808967e-06
K998640,5.429314317738404e-10
K794793,2.1178414798951115e-06
K829910,8.66138572959294e-06
K784676,2.472656452591991e-07
K781600,1.1947663086554215e-05
K899062,2.0447092710857146e-06
K753481,4.747571186537131e-08
K573940,1.8065464311668417e-06
K687361,0.058461786092631515
K993349,1.985967887270563e-05
K744231,0.014692462085947329
K701220,0.03432263095182991
K608119,1.5951160856677178e-08
K768515,3.505325925609456e-06
K802946,2.524875777277835e-06
K652432,0.03426516123802239
K607642,0.0075497408988555136
K831958,8.40670773479849e-06
K537609,1.5908376353348064e-06
K993232,1.0378579961650756e-05
K565121,0.021922066767365685
K854009,5.949584748388973e-08
K879662,9.890459497738016e-07
K661843,7.74161514011829e-06
K512113,0.0013879966767091243
K962474,9.280907359274964e-05
K946425,0.0003852390249936013
K866739,0.00011238175090060726
K547474,0.024760883691422618
K697423,3.442942405070444e-06
K703943,1.1958973597823818e-07
K776204,2.807160200482494e-09
K993593,0.00031022465972349383
K734490,1.0876279279788124e-05
K628175,4.439527754051585e-12
K956736,3.2658119147719696e-07
K663624,1.0216774511392367e-05
K625803,0.7159316939327036
K902882,1.3358531985774543e-05
K807776,0.021558836673828602
K998564,3.2146177846068612e-06
K523288,0.01795307953366828
K695293,8.272561392594081e-08
K965405,1.3547745363503564e-08
K511185,3.4373508656136977e-06
K867046,4.14556748389971e-08
K987738,0.0010357170231304808
K552469,7.922440788869978e-06
K722289,4.3782886728249986e-05
K798076,1.933060853925351e-06
K999350,0.0003043921948162792
K589613,0.032524293374263706
K568025,7.3943480208385515e-09
K858693,3.47439859973127e-06
K641186,0.00043674533830757336
K905719,8.720370011872181e-07
K782006,4.079126238574884e-05
K538396,1.573595539970551e-08
K701645,2.4152718814110587e-06
K522942,0.00012768412123210872
K532978,8.357801918124751e-07
K621014,4.771701495589922e-05
K810164,7.244182864253887e-05
K991792,5.6518898424058e-08
K782400,2.2930557155852444e-06
K569974,7.000664952077126e-07
K945703,1.0893848692871624e-09
K619324,1.0159058610043525e-06
K872867,1.2699099530391182e-06
K521431,2.704514838404245e-05
K746916,2.5357104391536717e-06
K912258,0.025519492262565387
K941103,1.1302876267336674e-07
K512043,2.1294715874105485e-08
K842745,0.03149378801281135
K992345,9.878584265953647e-05
K851600,5.422919993225368e-09
K738724,8.300263930626648e-05
K757623,7.53216950142726e-08
K686654,5.772028181119335e-06
K583941,9.271547128900646e-08
K631378,0.013438519640803753
K821096,3.6686277398604994e-07
K669212,1.1734810419907553e-05
K653898,0.013121058887596673
K949614,1.7481035684068066e-07
K953807,9.388001288119769e-07
K502149,0.022740561384029384
K633260,1.007072260270783e-06
K876682,1.3877552105272499e-06
K551676,8.432147847816463e-07
K770221,9.7860737479423e-07
K998827,1.175499638718022e-07
K737775,0.000280768801302156
K628613,1.3881750971445771e-08
K542700,3.492477198943644e-07
K683439,2.6499267098365136e-07
K538111,6.228304532676377e-05
K951121,1.190659523159398e-06
K646382,0.000610325478666611
K663869,4.799037342625201e-06
K804090,2.0353704890883324e-06
K612835,3.562368984729118e-07
K581182,0.025242821298989866
K523299,4.553932747719007e-05
K976368,9.298636161970439e-05
K841384,6.446621906319983e-07
K918993,1.5056559292570823e-06
K518663,0.020730592185459404
K789458,1.420478166803668e-05
K998556,3.519412606101337e-07
K514383,0.028893862029228366
K758196,0.022132956591540097
K519516,1.4283458178993193e-05
K778652,3.15821498941854e-05
K504782,7.782778438568165e-07
K802537,0.03062646934246783
K630360,2.4090857019695307e-05
K868846,4.42149969298547e-05
K632374,5.458980555300381e-09
K787423,8.630579363734802e-06
K824315,3.3472670008270746e-06
K605679,0.017848540209548774
K660565,0.04112107666624863
K982027,3.7360250454739632e-06
K975484,0.28499339159251796
K909538,1.57287949995194e-09
K745190,8.820888996634562e-05
K662800,3.751215927970952e-09
K977735,1.8839270795580373e-09
K704347,1.6572312635390727e-09
K902780,3.701066698048721e-08
K700796,0.06821410545981689
K972508,1.3853518924380963e-07
K978237,7.916441057842538e-07
K632732,2.559510025300023e-06
K916560,8.00054288658195e-06
K659024,5.29999803341404e-07
K701183,3.1512698189914197e-06
K640174,0.019480312994907673
K866680,1.1516561443137203e-06
K617759,8.546171139810517e-05
K954006,5.0542798311403537e-08
K534233,1.9707740875599117e-05
K536249,0.025404830044360074
K853129,1.1843011907501393e-05
K624262,3.361467712981688e-08
K778917,1.7205691396785665e-08
K726704,0.0004973053937435286
K842118,3.7601541921833745e-06
K578055,2.4569154359793675e-08
K816432,3.18976768576318e-06
K762552,0.019499723639053435
K511127,4.430003911955734e-06
K652878,3.999983273611765e-08
K644924,2.6161644945858826e-07
K923672,3.6836494229006635e-05
K971829,0.03356362826027418
K763914,4.684289577108468e-05
K609112,5.242613925834039e-05
K684136,0.00011749574291097502
K766435,0.006366883348082514
K724210,0.028594559911575838
K718303,3.3196089724313534e-07
K825622,2.274188673710939e-06
K917256,0.013551900791130741
K837104,0.0003225619604202314
K962419,0.0008847759333641975
K522941,8.999257399118201e-11
K699367,1.3866750803778986e-08
K956981,2.7557454117297e-07
K673312,0.009511858213116231
K955894,5.385107553573319e-08
K600188,7.3724542821804e-07
K727458,9.839815015618433e-06
K967704,9.156739531441547e-08
K819010,6.423290777006482e-07
K879432,0.0005234436276313141
K704947,4.041966025443136e-06
K820381,0.000141244853276561
K892906,0.01752194411351167
K853073,9.004556854404837e-07
K793117,0.00010734927715062534
K805409,6.44691852445158e-05
K808208,1.0133849571603788e-05
K514041,1.2993748420747377e-05
K976314,0.06288708253554758
K561251,3.137819112640698e-10
K695220,0.01290573089477804
K944314,8.95126862990706e-07
K523610,8.297233187800793e-07
K916078,0.03534279945973274
K729059,0.0006347975397026869
K919660,5.546836746277738e-08
K695150,0.026302863401445466
K998040,1.085541386901781e-06
K548316,7.733235789115818e-08
K837343,3.465651685299146e-07
K507705,8.132414219217177e-06
K597323,0.003264442563090522
K879848,2.267354142422158e-06
K523579,0.0012506787836600447
K605517,2.7820166386603378e-06
K797517,0.01874560772648201
K801941,0.03010099620908293
K664341,2.888716239908668e-07
K664282,3.123455273729607e-06
K706910,0.0009079181770556568
K778677,8.076220109097139e-05
K686257,2.7622909161095763e-07
K589106,1.4279202798604362e-07
K947496,0.002001530449511549
K591508,1.0303516580307327e-08
K773574,1.8856368769155876e-08
K668840,5.072886292624682e-06
K950106,0.028426032884061876
K939947,5.896860354583618e-07
K696693,5.125807121327196e-05
K899684,0.03650493001179669
K966150,1.929472169533713e-07
K594179,2.2950308863418675e-09
K508910,0.001380221686785539
K602542,1.8019449637560248e-06
K613788,2.1433931820289754e-07
K832620,1.2285914170032064e-05
K652022,9.10131742471576e-09
K807631,1.1164976155778147e-06
K638746,2.5068430969900708e-05
K777238,8.512328707002669e-05
K636400,0.033203629217666654
K912928,8.44828621331451e-06
K525493,0.00025345833862019777
K700461,2.0304470122864173e-06
K665659,1.2590697490468515e-06
K708996,1.7881608472524824e-07
K856566,8.886693474681241e-07
K645293,0.008106780760044525
K835301,0.018965260695311008
K692172,1.1163948323799477e-11
K938620,3.186727506981312e-07
K617876,0.00018178341447881103
K712538,0.0036580538269277148
K893344,5.475443108341074e-05
K905995,3.2440859201320905e-05
K837652,4.107597475514918e-07
K529469,1.5253948090397776e-07
K585536,0.0009642211159906615
K740397,1.743718923471542e-06
K563937,1.1151719061987927e-05
K597062,3.815670321898523e-05
K560226,0.006614571307874084
K735548,2.4277433820445172e-05
K754550,2.9662179901915003e-08
K644082,2.836580908691236e-06
K948327,4.241399825531065e-08
K533296,7.17725913141104e-09
K746903,3.76491413342704e-08
K988358,9.31150405006094e-07
K874599,2.1602198057072245e-06
K800110,0.014199866376891529
K758942,1.649922746513283e-11
K655937,1.531585177417858e-05
K782197,3.8140263458689697e-05
K735736,2.7356171081064857e-07
K853875,0.006357957655265196
K534136,1.1847615310474611e-06
K609444,2.116608402057817e-05
K973846,3.443938901320702e-07
K601861,3.323473707897008e-06
K532310,0.016120257966547067
K908811,0.00014508213105871078
K854729,0.00040257995676059894
K795982,0.03483957392653007
K683969,2.3089818445228278e-07
K658154,8.23195332852161e-06
K587937,5.09808969541968e-07
K893335,2.0940185492191537e-06
K853281,7.428217635580641e-06
K855263,6.13072342872583e-06
K990679,2.8918060019810265e-08
K695669,1.1911213527622748e-05
K724563,1.0304277855062924e-06
K588837,2.5596764158267617e-06
K517192,0.03202951567465969
K525889,0.012088842312142516
K992563,0.02597628555822715
K779583,9.936032804638915e-08
K580613,3.117585772468668e-06
K731536,0.026539384725551562
K937124,2.604270880038828e-06
K620039,0.0032196328969442225
K863901,8.76380364300137e-08
K546804,4.414852536704617e-05
K526221,2.6217560114547086e-05
K712610,2.0228699010739995e-06
K823507,1.2147148154126167e-06
K889900,2.3832248000473637e-05
K812420,1.586631058139458e-05
K869446,0.00013717862442457943
K842426,3.1252527528110895e-08
K655485,1.335832800280894e-06
K991794,0.012061935240579694
K892656,2.6001550172706798e-05
K691409,9.67378570407084e-05
K948834,1.947573056007834e-08
K861849,0.00047192731580271327
K661082,2.515288894394612e-08
K580155,3.271770128747761e-06
K917748,3.1042907302606884e-05
K525799,0.02289704955838335
K917118,0.01708064599578639
K662156,2.1671327935453837e-09
K549600,0.0030157278474002873
K678535,4.2345118727507444e-07
K515097,0.019831981692988877
K608363,2.839895204140832e-07
K562617,3.523198093983393e-08
K650960,1.025112898128362e-05
K824350,3.6884084101604195e-06
K981181,0.0012921600853755516
K551133,2.7542203480031105e-09
K778978,2.448733306104636e-07
K828088,5.839616728276991e-06
K615290,1.1596669189898712e-06
K699037,0.023633364076638155
K978912,1.9528380167098873e-06
K763608,0.050576481857488205
K979632,0.02091373776296082
K744908,0.02362689208833397
K630945,5.731560060464555e-06
K993904,1.8427214194183274e-06
K700278,4.1129283666606017e-07
K794268,0.0010978761109635344
K604197,4.2352931071170036e-05
K568890,7.363756690194248e-08
K831463,0.00012103484438499387
K721135,2.442079335922662e-08
K664050,9.465034698794686e-10
K527942,1.7670480896720038e-07
K514756,3.5913140563928484e-06
K805345,7.203975135522793e-07
K633399,1.6165872181360688e-07
K899559,2.808410441380446e-08
K576207,0.025836327234524743
K741420,3.8620254748221044e-07
K796714,1.4924810907667773e-06
K774254,0.03175500683528324
K992706,7.722261751395464e-06
K989471,6.225959627733808e-08
K929261,6.509479715900753e-07
K558778,0.000923322053758169
K742691,3.815670776103295e-05
K808125,1.9660409385956166e-06
K679735,3.4034507705952353e-07
K883488,0.1075103582806026
K618980,3.5367027787704663e-09
K647051,0.032186125445862405
K798561,9.734339269324101e-06
K721315,4.282209502758882e-06
K764707,1.7377034843527054e-05
K591576,9.725549732343985e-09
K524839,5.509743125092162e-10
K500247,2.4183588367381836e-07
K702960,7.001219816045457e-08
K544964,3.294866261357909e-06
K637485,1.9710903200959008e-06
K547559,0.014163912488766276
K805738,2.717467040887137e-09
K820138,0.006266880498028522
K657483,0.017675044541192758
K594219,4.7382609795273216e-07
K844650,0.0013105257955529405
K699705,0.026816682083920688
K903784,3.8142102062396516e-07
K568550,0.00019159624295282034
K863095,3.1881869032903106e-06
K889473,0.012682071092388595
K525953,0.0001946341414567675
K680677,0.0005712900357272051
K508644,0.03199196656491986
K988457,2.26062721408565e-07
K613136,4.594640393456133e-06
K840098,3.3362221245171094e-07
K624772,2.812094195898981e-06
K757537,1.5898713164320122e-05
K902681,0.031419553793353844
K929694,2.2074282964190932e-06
K972168,7.36713231745885e-07
K876738,3.1084797872631225e-07
K785889,1.18658729311641e-06
K735635,5.478662768772868e-07
K873098,2.0403229788668454e-06
K591059,2.0691050983847704e-05
K726822,3.43865872578411e-06
K998470,0.036486997626582036
K762779,7.134412632554237e-06
K671736,0.023778888213939715
K632600,5.705940711504249e-09
K717728,4.3770021877000804e-05
K766888,3.7030012109202835e-08
K689673,2.4840886128758194e-08
K596680,0.14726356378225514
K614165,1.3731396930524575e-06
K585714,1.8894717286448945e-06
K634262,1.3493635252982842e-06
K911521,0.01420398383329834
K518929,6.639608582888008e-06
K718817,8.168941450247664e-05
K775238,3.008691666665319e-06
K740208,0.1433839459278694
K849060,1.7304205269922988e-07
K926649,1.290743360361958e-08
K888331,1.0802446301306453e-06
K702855,1.7987852156935784e-05
K943552,0.021275869665067507
K579027,3.837555793500841e-14
K995920,2.3524918442874824e-05
K650723,1.396984870648798e-06
K821092,0.001445772118515036
K534601,1.4792644413601606e-06
K629481,4.76127478204188e-06
K659299,0.0032066410733864754
K810907,3.6963664883721196e-06
K684505,0.024146924037772133
K919248,1.7645432551026306e-05
K987777,0.002060281777169867
K994886,5.003929199060126e-06
K554074,6.29957285275289e-07
K548223,1.438411796148594e-06
K673861,2.0515351329165525e-06
K851759,2.8213637684921543e-07
K634852,7.442906300927849e-06
K701524,0.003069113301544512
K742061,0.01637899031885487
K850161,1.271024658374539e-07
K875225,5.374381098789802e-06
K533607,5.063385618185046e-09
K774278,2.815951059764131e-08
K798988,1.4415337766223501e-08
K612478,6.670016503017665e-05
K740612,2.3113142997657364e-07
K644661,2.6373249619264977e-06
K641486,9.806251699073014e-08
K741977,1.6438464576378175e-05
K939461,2.5157049508752625e-08
K746812,2.924126856162905e-09
K636354,9.802408841310458e-10
K832239,2.583653295378682e-09
K775820,4.2071550322897705e-10
K951210,6.040121598587837e-07
K831902,4.1883787730245195e-05
K997934,0.019445808290835125
K840819,0.00023753419001241378
K920124,1.0177992908751515e-06
K632410,0.024101941504
K797632,0.023751770322327972
K577007,1.1280003233671187e-06
K921205,1.3859712297281206e-09
K564779,0.0592547733508706
K839234,5.626630595607964e-07
K785453,1.4037583333762902e-07
K516647,0.019805977591592847
K680036,3.501968733017886e-07
K829126,2.489418346707364e-06
K820075,0.02036954422585135
K803314,1.23514682355392e-09
K811791,0.020299109258469297
K837754,0.0008552914352930117
K740914,0.025312136587922723
K574453,0.03890809223425865
K681272,1.0591513709751058e-07
K833225,0.0340876116799071
K971655,0.014657310355729784
K515709,1.3976502016790207e-13
K659847,9.5046223853169e-08
K625336,4.474952072338388e-06
K594970,2.841015498392718e-05
K916315,0.0005657156327112503
K594557,8.574320254913852e-07
K973882,5.868102761182112e-09
K592002,0.00982319165449743
K752499,1.7707992751515016e-07
K958647,1.3361794015436214e-06
K628218,6.349327006004954e-08
K873498,2.647934782515487e-07
K661138,9.208200268400431e-08
K685375,9.794665128202225e-06
K629207,0.00011990126413447349
K586523,8.920509713171983e-05
K524882,0.018961817932213142
K800276,5.7199714832485265e-06
K950331,2.927989761807074e-08
K584761,0.026203099159646876
K659896,1.2365777685282197e-06
K565316,5.233943477866024e-07
K741724,0.00014832788796426306
K690887,8.697407435557352e-09
K938813,0.0014434023184780001
K755369,1.7863886465396135e-10
K968689,1.5148853535192604e-08
K850756,7.782694591720056e-05
K695682,9.316728352229584e-08
K843794,2.99218575407935e-07
K677078,0.016907344976622458
K692670,2.2136684275125663e-06
K642533,0.0007637832764979907
K779115,3.0467219090411e-07
K545728,1.4839665415277932e-05
K538637,2.823693535421626e-06
K633551,5.707532176651014e-08
K810249,0.013784589700424437
K695563,9.712040765190377e-07
K709162,0.000318075361671078
K732622,4.575681949304607e-06
K502495,9.061191215034727e-07
K877405,5.776782116960475e-07
K570807,3.2105428209046714e-09
K644840,4.948389277281181e-05
K541984,0.010337997614309367
K627537,4.029186432261126e-11
K660012,0.00022162752777277
K631841,4.761258529958032e-07
K958194,5.3254708943877875e-05
K701637,3.2452085728130153e-07
K623674,3.24608519317801e-09
K859222,2.6748570038602006e-07
K891895,0.00027292950281230236
K791214,5.823674293265191e-06
K854700,1.346246314191172e-06
K667624,0.0004311939492091148
K856157,1.0903955306284588e-07
K500790,2.9053418077858413e-05
K534506,3.0525230776139e-05
K844039,1.1473538053650249e-06
K894380,0.00023875568975313213
K705518,2.9697236520212937e-07
K564784,0.0025246266842514
K513946,4.332812552318696e-06
K804459,5.496050566556702e-05
K667218,1.0787356579971108e-05
K645652,1.3507869678003775e-05
K588080,1.2474234928342551e-08
K799300,1.95828819568795e-06
K941506,0.000605933390984792
K766673,0.00025588612481974296
K796571,5.492178150983322e-06
K735172,0.02340266633980746
K848826,4.787980600337236e-07
K863494,6.662024756592302e-06
K715573,1.0968231186080509e-07
K681717,1.8178500383342533e-05
K684789,2.5866993029294094e-06
K856470,9.487537261212168e-12
K958300,0.02695900643647046
K632996,2.7093913576004715e-08
K831538,5.406870949720914e-06
K955080,2.946787937148841e-09
K597512,2.6824439364363044e-08
K888527,3.722551014557687e-11
K900153,1.5759945230364225e-08
K727388,0.004544790236508151
K604056,7.835742493498676e-07
K800570,0.0004393194247291632
K524847,2.8269713614923636e-05
K819196,1.4650899424136589e-07
K573444,2.733332996936207e-07
K779687,2.6379731926623902e-05
K899685,1.1679544109960727e-06
K540562,2.209831036409949e-08
K638302,6.222289725852288e-06
K854218,5.793690382747125e-06
K844939,0.029355792599760174
K775219,0.0008365397411365771
K995580,7.258925303942646e-06
K656616,1.1748567607036102e-05
K515067,8.590093894630494e-05
K976977,4.795847127647851e-09
K917521,9.672225885415148e-05
K596388,1.6456808219862335e-08
K653791,2.8340532009727095e-06
K949608,0.0002989938455821783
K783330,0.0392038573991706
K739907,2.016773633170361e-06
K944586,0.00010168942327121365
K949898,1.0084847290089377e-10
K596554,3.694135269576133e-06
K792637,2.4471296823206494e-07
K574999,1.4002566184674207e-06
K676674,0.03817873331315004
K530610,2.9035135910547824e-06
K531004,1.0647716898068366e-07
K816842,2.3028009298736762e-05
K664617,0.00407892536584873
K666447,4.651103176296801e-09
K540838,0.0003974667545956184
K583211,1.0104730358924777e-08
K528646,1.2806844928757874e-07
K628409,1.43452320993076e-06
K838095,0.0002028508328924285
K726506,2.362383756489694e-10
K882026,3.137938658019647e-06
K554134,0.030347457760923385
K685540,1.736821530993193e-08
K862467,4.6344903084446544e-07
K591663,9.286021822162192e-08
K679436,0.08050742922640042
K876161,5.836481187645109e-06
K628081,3.545583507236505e-06
K630988,2.657261748350062e-06
K541117,1.3890397899271235e-06
K621700,2.3718691786934462e-07
K643917,0.00449756365129541
K980530,6.051721968950733e-05
K642830,0.00855053588519845
K974228,9.20260299951296e-07
K572593,8.249046339390554e-07
K796802,9.357107380032538e-09
K923986,2.260537252339631e-06
K885168,6.347186039154606e-05
K608768,7.72939092385118e-06
K639398,1.186987915239455e-05
K570580,0.02247219095118128
K924376,6.80971843084553e-06
K749867,0.00021034241783123288
K823366,2.2508678649283623e-06
K871120,2.349677206698708e-07
K840273,1.953524624801558e-09
K749728,0.046800203027415804
K608723,7.616228713920416e-09
K553721,3.203301150316945e-05
K518774,3.1345302589283317e-06
K801738,0.014986224652821024
K837369,0.0001351906170000689
K747598,2.7530869844766857e-06
K847550,3.677290485099152e-05
K532157,4.2918017103972345e-06
K840633,1.4545842255427388e-05
K639822,2.3716803688810464e-06
K643169,6.361888312677688e-06
K888866,6.163549326810116e-07
K596439,0.0005960101553039253
K954656,6.097343132120028e-08
K720469,5.561077548606975e-10
K810516,6.59077994024387e-05
K688801,1.0183112878802157e-07
K731117,0.00020579716463892
K708258,2.212179046475466e-05
K504535,0.005076927702776275
K554673,0.0298778180850629
K928773,2.2771270558403155e-05
K807342,0.00736170016226589
K989180,1.0876311734210434e-09
K523923,0.02849522773857709
K643238,0.028357299764692884
K550375,4.3941844960443805e-09
K915523,1.1925388990890992e-05
K949854,1.1860637387438444e-06
K975769,0.0001089942500059157
K599643,2.0463869311281355e-06
K637977,0.00010173460611668726
K837230,2.4389808344961983e-06
K606433,0.0158408272111221
K927419,4.772253823724645e-05
K808449,6.515826413830281e-05
K764149,2.3518642638854384e-07
K823481,2.1640070288799964e-05
K562973,0.039579097396365254
K590087,3.9768525036135e-08
K888162,0.007357087225224126
K987214,9.393864053374634e-06
K956537,0.00804545447842001
K978520,4.713744221296947e-09
K840320,0.035002412301224986
K680734,4.304756221664707e-07
K582528,0.02537486953903596
K975153,1.0219226267545012e-06
K802558,0.024776946955837386
K900616,1.7906403627717225e-06
K779392,3.595663734539437e-08
K947277,1.2540461435872678e-05
K888520,0.007682035689586426
K687794,1.2461156352607115e-07
K813825,0.2652421637096515
K548779,0.039620267551810306
K613611,1.32593355479946e-05
K554225,1.9583696179726383e-08
K872291,4.744982376506032e-05
K762123,1.8227506184381485e-06
K588314,3.984082055029633e-06
K826807,0.000484160167805875
K982731,6.321616591231734e-07
K623037,0.00016387009146022277
K883413,4.416043519961195e-06
